-- phpMyAdmin SQL Dump
-- version 5.1.0
-- https://www.phpmyadmin.net/
--
-- Host: 127.0.0.1
-- Generation Time: Aug 10, 2021 at 10:12 AM
-- Server version: 10.4.18-MariaDB
-- PHP Version: 7.4.16

SET SQL_MODE = "NO_AUTO_VALUE_ON_ZERO";
START TRANSACTION;
SET time_zone = "+00:00";


/*!40101 SET @OLD_CHARACTER_SET_CLIENT=@@CHARACTER_SET_CLIENT */;
/*!40101 SET @OLD_CHARACTER_SET_RESULTS=@@CHARACTER_SET_RESULTS */;
/*!40101 SET @OLD_COLLATION_CONNECTION=@@COLLATION_CONNECTION */;
/*!40101 SET NAMES utf8mb4 */;

--
-- Database: `ecom_api`
--

-- --------------------------------------------------------

--
-- Table structure for table `failed_jobs`
--

CREATE TABLE `failed_jobs` (
  `id` bigint(20) UNSIGNED NOT NULL,
  `connection` text COLLATE utf8mb4_unicode_ci NOT NULL,
  `queue` text COLLATE utf8mb4_unicode_ci NOT NULL,
  `payload` longtext COLLATE utf8mb4_unicode_ci NOT NULL,
  `exception` longtext COLLATE utf8mb4_unicode_ci NOT NULL,
  `failed_at` timestamp NOT NULL DEFAULT current_timestamp()
) ENGINE=InnoDB DEFAULT CHARSET=utf8mb4 COLLATE=utf8mb4_unicode_ci;

-- --------------------------------------------------------

--
-- Table structure for table `migrations`
--

CREATE TABLE `migrations` (
  `id` int(10) UNSIGNED NOT NULL,
  `migration` varchar(191) COLLATE utf8mb4_unicode_ci NOT NULL,
  `batch` int(11) NOT NULL
) ENGINE=InnoDB DEFAULT CHARSET=utf8mb4 COLLATE=utf8mb4_unicode_ci;

--
-- Dumping data for table `migrations`
--

INSERT INTO `migrations` (`id`, `migration`, `batch`) VALUES
(70, '2014_10_12_000000_create_users_table', 1),
(71, '2014_10_12_100000_create_password_resets_table', 1),
(72, '2016_06_01_000001_create_oauth_auth_codes_table', 1),
(73, '2016_06_01_000002_create_oauth_access_tokens_table', 1),
(74, '2016_06_01_000003_create_oauth_refresh_tokens_table', 1),
(75, '2016_06_01_000004_create_oauth_clients_table', 1),
(76, '2016_06_01_000005_create_oauth_personal_access_clients_table', 1),
(77, '2019_08_19_000000_create_failed_jobs_table', 1),
(78, '2021_08_05_100328_create_products_table', 1),
(79, '2021_08_05_100407_create_reviews_table', 1),
(80, '2021_08_05_111517_add_product_id_to_reviews_table', 1);

-- --------------------------------------------------------

--
-- Table structure for table `oauth_access_tokens`
--

CREATE TABLE `oauth_access_tokens` (
  `id` varchar(100) COLLATE utf8mb4_unicode_ci NOT NULL,
  `user_id` bigint(20) UNSIGNED DEFAULT NULL,
  `client_id` bigint(20) UNSIGNED NOT NULL,
  `name` varchar(191) COLLATE utf8mb4_unicode_ci DEFAULT NULL,
  `scopes` text COLLATE utf8mb4_unicode_ci DEFAULT NULL,
  `revoked` tinyint(1) NOT NULL,
  `created_at` timestamp NULL DEFAULT NULL,
  `updated_at` timestamp NULL DEFAULT NULL,
  `expires_at` datetime DEFAULT NULL
) ENGINE=InnoDB DEFAULT CHARSET=utf8mb4 COLLATE=utf8mb4_unicode_ci;

--
-- Dumping data for table `oauth_access_tokens`
--

INSERT INTO `oauth_access_tokens` (`id`, `user_id`, `client_id`, `name`, `scopes`, `revoked`, `created_at`, `updated_at`, `expires_at`) VALUES
('1547514e11b0efd96d33f9f447622be195695c01ff768dfaf2be8f58fdf5df1f557f4b894e1fbb97', 1, 2, NULL, '[]', 0, '2021-08-10 00:28:51', '2021-08-10 00:28:51', '2022-08-10 05:58:51'),
('8f177630ac7477d4791180cec43fd9c817e6969da9bbcb8a57fc83fab97c829a0c656c1aff3d2d86', 2, 2, NULL, '[]', 0, '2021-08-10 02:28:12', '2021-08-10 02:28:12', '2022-08-10 07:58:12'),
('9a99cd8153b0f4d41baa527e93b679a38f85db3429071e175ae716e99a51ed56811cc9973e845db0', 2, 2, NULL, '[]', 0, '2021-08-10 02:26:39', '2021-08-10 02:26:39', '2022-08-10 07:56:39');

-- --------------------------------------------------------

--
-- Table structure for table `oauth_auth_codes`
--

CREATE TABLE `oauth_auth_codes` (
  `id` varchar(100) COLLATE utf8mb4_unicode_ci NOT NULL,
  `user_id` bigint(20) UNSIGNED NOT NULL,
  `client_id` bigint(20) UNSIGNED NOT NULL,
  `scopes` text COLLATE utf8mb4_unicode_ci DEFAULT NULL,
  `revoked` tinyint(1) NOT NULL,
  `expires_at` datetime DEFAULT NULL
) ENGINE=InnoDB DEFAULT CHARSET=utf8mb4 COLLATE=utf8mb4_unicode_ci;

-- --------------------------------------------------------

--
-- Table structure for table `oauth_clients`
--

CREATE TABLE `oauth_clients` (
  `id` bigint(20) UNSIGNED NOT NULL,
  `user_id` bigint(20) UNSIGNED DEFAULT NULL,
  `name` varchar(191) COLLATE utf8mb4_unicode_ci NOT NULL,
  `secret` varchar(100) COLLATE utf8mb4_unicode_ci DEFAULT NULL,
  `provider` varchar(191) COLLATE utf8mb4_unicode_ci DEFAULT NULL,
  `redirect` text COLLATE utf8mb4_unicode_ci NOT NULL,
  `personal_access_client` tinyint(1) NOT NULL,
  `password_client` tinyint(1) NOT NULL,
  `revoked` tinyint(1) NOT NULL,
  `created_at` timestamp NULL DEFAULT NULL,
  `updated_at` timestamp NULL DEFAULT NULL
) ENGINE=InnoDB DEFAULT CHARSET=utf8mb4 COLLATE=utf8mb4_unicode_ci;

--
-- Dumping data for table `oauth_clients`
--

INSERT INTO `oauth_clients` (`id`, `user_id`, `name`, `secret`, `provider`, `redirect`, `personal_access_client`, `password_client`, `revoked`, `created_at`, `updated_at`) VALUES
(1, NULL, 'Laravel Personal Access Client', 'e0vc33pPnoSJB867D7z5tSXqm0SiYJghAt3f3qUp', NULL, 'http://localhost', 1, 0, 0, '2021-08-10 00:24:52', '2021-08-10 00:24:52'),
(2, NULL, 'Laravel Password Grant Client', '94HD86HHxYak4FtNgY8EAhv1L7SCjrKIOccGb0EM', 'users', 'http://localhost', 0, 1, 0, '2021-08-10 00:24:52', '2021-08-10 00:24:52'),
(3, NULL, 'Laravel Personal Access Client', 'aubh6IKKtvnheqH8ThcbihLH5e2gIxFrPuTTCGQQ', NULL, 'http://localhost', 1, 0, 0, '2021-08-10 00:25:18', '2021-08-10 00:25:18'),
(4, NULL, 'Laravel Password Grant Client', 'VYsoThsWjRvCqrA94BZ3YNLGSUtIsh5ruL9VzCF0', 'users', 'http://localhost', 0, 1, 0, '2021-08-10 00:25:18', '2021-08-10 00:25:18');

-- --------------------------------------------------------

--
-- Table structure for table `oauth_personal_access_clients`
--

CREATE TABLE `oauth_personal_access_clients` (
  `id` bigint(20) UNSIGNED NOT NULL,
  `client_id` bigint(20) UNSIGNED NOT NULL,
  `created_at` timestamp NULL DEFAULT NULL,
  `updated_at` timestamp NULL DEFAULT NULL
) ENGINE=InnoDB DEFAULT CHARSET=utf8mb4 COLLATE=utf8mb4_unicode_ci;

--
-- Dumping data for table `oauth_personal_access_clients`
--

INSERT INTO `oauth_personal_access_clients` (`id`, `client_id`, `created_at`, `updated_at`) VALUES
(1, 1, '2021-08-10 00:24:52', '2021-08-10 00:24:52'),
(2, 3, '2021-08-10 00:25:18', '2021-08-10 00:25:18');

-- --------------------------------------------------------

--
-- Table structure for table `oauth_refresh_tokens`
--

CREATE TABLE `oauth_refresh_tokens` (
  `id` varchar(100) COLLATE utf8mb4_unicode_ci NOT NULL,
  `access_token_id` varchar(100) COLLATE utf8mb4_unicode_ci NOT NULL,
  `revoked` tinyint(1) NOT NULL,
  `expires_at` datetime DEFAULT NULL
) ENGINE=InnoDB DEFAULT CHARSET=utf8mb4 COLLATE=utf8mb4_unicode_ci;

--
-- Dumping data for table `oauth_refresh_tokens`
--

INSERT INTO `oauth_refresh_tokens` (`id`, `access_token_id`, `revoked`, `expires_at`) VALUES
('1eceb27041d9dd5630578bf0c7e655539c2511d5132b9c33fc81ee9f0250994a458602bf73bb8ba9', '1547514e11b0efd96d33f9f447622be195695c01ff768dfaf2be8f58fdf5df1f557f4b894e1fbb97', 0, '2022-08-10 05:58:51'),
('448c5586c4b37e0995dc1ef84555c006366eeec28becac26acd8ccf79b651327a8749e56048e3cc9', '8f177630ac7477d4791180cec43fd9c817e6969da9bbcb8a57fc83fab97c829a0c656c1aff3d2d86', 0, '2022-08-10 07:58:12'),
('9b04e8c8d3fa5d1e57a631c37fde05d47355cd38c461022b293dd0c9f3e082e7202658d26c5bc7ee', '9a99cd8153b0f4d41baa527e93b679a38f85db3429071e175ae716e99a51ed56811cc9973e845db0', 0, '2022-08-10 07:56:39');

-- --------------------------------------------------------

--
-- Table structure for table `password_resets`
--

CREATE TABLE `password_resets` (
  `email` varchar(191) COLLATE utf8mb4_unicode_ci NOT NULL,
  `token` varchar(191) COLLATE utf8mb4_unicode_ci NOT NULL,
  `created_at` timestamp NULL DEFAULT NULL
) ENGINE=InnoDB DEFAULT CHARSET=utf8mb4 COLLATE=utf8mb4_unicode_ci;

-- --------------------------------------------------------

--
-- Table structure for table `products`
--

CREATE TABLE `products` (
  `id` bigint(20) UNSIGNED NOT NULL,
  `name` varchar(191) COLLATE utf8mb4_unicode_ci NOT NULL,
  `description` longtext COLLATE utf8mb4_unicode_ci NOT NULL,
  `price` double(8,2) NOT NULL,
  `stock` int(11) NOT NULL,
  `discount` double(8,2) NOT NULL,
  `user_id` int(10) UNSIGNED NOT NULL,
  `created_at` timestamp NULL DEFAULT NULL,
  `updated_at` timestamp NULL DEFAULT NULL
) ENGINE=InnoDB DEFAULT CHARSET=utf8mb4 COLLATE=utf8mb4_unicode_ci;

--
-- Dumping data for table `products`
--

INSERT INTO `products` (`id`, `name`, `description`, `price`, `stock`, `discount`, `user_id`, `created_at`, `updated_at`) VALUES
(1, 'quia', 'Aut possimus quibusdam vel quaerat nisi.', 740.00, 1, 4.00, 5, '2021-08-09 23:36:24', '2021-08-09 23:36:24'),
(2, 'cum', 'Rerum sed ullam explicabo fugiat.', 968.00, 1, 3.00, 1, '2021-08-09 23:36:24', '2021-08-09 23:36:24'),
(3, 'excepturi', 'Quo non corrupti exercitationem maxime fugiat nobis adipisci.', 528.00, 9, 9.00, 2, '2021-08-09 23:36:24', '2021-08-09 23:36:24'),
(4, 'quo', 'Molestiae modi qui in officiis suscipit voluptatem necessitatibus commodi.', 356.00, 4, 13.00, 4, '2021-08-09 23:36:24', '2021-08-09 23:36:24'),
(5, 'dolor', 'Quo aliquam laboriosam ipsa nulla at facilis.', 969.00, 0, 14.00, 1, '2021-08-09 23:36:24', '2021-08-09 23:36:24'),
(6, 'impedit', 'Beatae iste dolore aut et labore voluptas pariatur.', 772.00, 7, 13.00, 5, '2021-08-09 23:36:24', '2021-08-09 23:36:24'),
(7, 'updatedAzbcd', 'Facere rem excepturi voluptatibus aperiam cupiditate suscipit.', 636.00, 2, 8.00, 2, '2021-08-09 23:36:24', '2021-08-10 02:37:44'),
(8, 'eligendi', 'Minus sapiente eum sint numquam eum.', 410.00, 6, 10.00, 1, '2021-08-09 23:36:24', '2021-08-09 23:36:24'),
(9, 'est', 'Sunt odio illum esse exercitationem quis dolor aliquam.', 169.00, 9, 7.00, 1, '2021-08-09 23:36:25', '2021-08-09 23:36:25'),
(10, 'voluptas', 'Iusto minima ullam ut animi.', 557.00, 2, 12.00, 1, '2021-08-09 23:36:25', '2021-08-09 23:36:25'),
(11, 'vitae', 'Aut perferendis perspiciatis enim consequatur voluptatem rerum.', 230.00, 10, 2.00, 2, '2021-08-09 23:36:25', '2021-08-09 23:36:25'),
(12, 'quibusdam', 'Nemo et eveniet reprehenderit inventore natus aut expedita.', 717.00, 8, 11.00, 5, '2021-08-09 23:36:25', '2021-08-09 23:36:25'),
(13, 'et', 'Corrupti et in non.', 442.00, 9, 7.00, 5, '2021-08-09 23:36:25', '2021-08-09 23:36:25'),
(14, 'fuga', 'Perferendis et dolorem qui consequatur doloribus.', 239.00, 5, 7.00, 3, '2021-08-09 23:36:25', '2021-08-09 23:36:25'),
(15, 'ducimus', 'Voluptatem beatae aliquid aut a vero consequatur tempora.', 999.00, 3, 14.00, 4, '2021-08-09 23:36:25', '2021-08-09 23:36:25'),
(16, 'incidunt', 'Qui sed error illum illum iusto quae.', 214.00, 6, 2.00, 1, '2021-08-09 23:36:25', '2021-08-09 23:36:25'),
(17, 'aperiam', 'Nostrum beatae et et sed sunt.', 766.00, 9, 4.00, 5, '2021-08-09 23:36:25', '2021-08-09 23:36:25'),
(18, 'earum', 'Et neque quod sunt dolores.', 532.00, 3, 2.00, 5, '2021-08-09 23:36:25', '2021-08-09 23:36:25'),
(19, 'praesentium', 'Veritatis eligendi labore neque et consectetur asperiores.', 328.00, 2, 2.00, 2, '2021-08-09 23:36:25', '2021-08-09 23:36:25'),
(20, 'quisquam', 'Nemo et amet ut numquam.', 831.00, 8, 5.00, 4, '2021-08-09 23:36:25', '2021-08-09 23:36:25'),
(21, 'aut', 'Optio consectetur accusantium suscipit qui reprehenderit.', 857.00, 6, 4.00, 5, '2021-08-09 23:36:25', '2021-08-09 23:36:25'),
(22, 'ducimus', 'Officiis consequatur ipsum adipisci et illo dolor id.', 791.00, 8, 7.00, 1, '2021-08-09 23:36:25', '2021-08-09 23:36:25'),
(23, 'consectetur', 'Minus hic sint nam eos ipsam.', 217.00, 7, 3.00, 3, '2021-08-09 23:36:25', '2021-08-09 23:36:25'),
(24, 'et', 'Quo ipsum est expedita qui aut.', 184.00, 1, 13.00, 2, '2021-08-09 23:36:25', '2021-08-09 23:36:25'),
(25, 'rerum', 'Et nemo dolorum aut rerum porro quia animi ut.', 287.00, 2, 0.00, 2, '2021-08-09 23:36:25', '2021-08-09 23:36:25'),
(26, 'consequatur', 'Sed qui suscipit illo nulla blanditiis.', 694.00, 3, 1.00, 4, '2021-08-09 23:36:25', '2021-08-09 23:36:25'),
(27, 'quis', 'Iusto dolores aliquid enim voluptas.', 482.00, 2, 0.00, 5, '2021-08-09 23:36:25', '2021-08-09 23:36:25'),
(28, 'non', 'Facilis officia quas accusantium aliquid quia distinctio.', 632.00, 4, 10.00, 5, '2021-08-09 23:36:25', '2021-08-09 23:36:25'),
(29, 'dignissimos', 'Ducimus suscipit non voluptatum corrupti.', 248.00, 1, 14.00, 3, '2021-08-09 23:36:25', '2021-08-09 23:36:25'),
(30, 'delectus', 'Et et et voluptate nisi temporibus qui fugit.', 918.00, 8, 5.00, 5, '2021-08-09 23:36:25', '2021-08-09 23:36:25'),
(31, 'est', 'Neque tempore omnis ut.', 611.00, 6, 7.00, 3, '2021-08-09 23:36:25', '2021-08-09 23:36:25'),
(32, 'omnis', 'Suscipit qui quis et cumque quod.', 132.00, 6, 9.00, 5, '2021-08-09 23:36:25', '2021-08-09 23:36:25'),
(33, 'praesentium', 'Maxime modi id reprehenderit quia.', 570.00, 2, 2.00, 1, '2021-08-09 23:36:25', '2021-08-09 23:36:25'),
(34, 'maxime', 'Rerum error tenetur alias quo voluptas et.', 173.00, 9, 7.00, 5, '2021-08-09 23:36:25', '2021-08-09 23:36:25'),
(35, 'voluptatem', 'Ducimus repellat quae sed corrupti.', 794.00, 5, 3.00, 5, '2021-08-09 23:36:26', '2021-08-09 23:36:26'),
(36, 'eos', 'Impedit consequatur ullam laborum repudiandae ab praesentium.', 162.00, 9, 11.00, 1, '2021-08-09 23:36:26', '2021-08-09 23:36:26'),
(37, 'illo', 'Eveniet est corrupti repellat aliquam impedit qui rerum.', 891.00, 1, 15.00, 2, '2021-08-09 23:36:26', '2021-08-09 23:36:26'),
(38, 'eligendi', 'Sit cumque excepturi dicta corrupti maxime.', 585.00, 7, 13.00, 1, '2021-08-09 23:36:26', '2021-08-09 23:36:26'),
(39, 'eveniet', 'Officia quia voluptatem eum quia quis ducimus fugit.', 172.00, 10, 7.00, 4, '2021-08-09 23:36:26', '2021-08-09 23:36:26'),
(40, 'aspernatur', 'Et minus sit ut molestias omnis aut sunt.', 802.00, 2, 5.00, 4, '2021-08-09 23:36:26', '2021-08-09 23:36:26'),
(41, 'provident', 'Eum quia quidem molestiae tempore.', 427.00, 2, 4.00, 4, '2021-08-09 23:36:26', '2021-08-09 23:36:26'),
(42, 'eos', 'Quos dolor velit voluptatum.', 597.00, 8, 11.00, 2, '2021-08-09 23:36:26', '2021-08-09 23:36:26'),
(43, 'ad', 'Et quo quia illo a qui veritatis magnam.', 348.00, 0, 4.00, 1, '2021-08-09 23:36:26', '2021-08-09 23:36:26'),
(44, 'modi', 'Et nihil minima commodi consectetur ut ut dolorum distinctio.', 623.00, 2, 8.00, 5, '2021-08-09 23:36:26', '2021-08-09 23:36:26'),
(45, 'minus', 'Aut itaque consequuntur autem voluptas inventore impedit.', 571.00, 4, 0.00, 5, '2021-08-09 23:36:26', '2021-08-09 23:36:26'),
(46, 'quia', 'Architecto fugit quasi laborum.', 388.00, 9, 13.00, 3, '2021-08-09 23:36:26', '2021-08-09 23:36:26'),
(47, 'natus', 'Voluptatem sit animi velit id iusto.', 786.00, 1, 14.00, 1, '2021-08-09 23:36:26', '2021-08-09 23:36:26'),
(48, 'sint', 'Ex labore voluptas mollitia qui doloremque sequi sequi mollitia.', 700.00, 9, 2.00, 1, '2021-08-09 23:36:26', '2021-08-09 23:36:26'),
(49, 'voluptatem', 'Qui aspernatur blanditiis vero consequatur dolores debitis asperiores.', 196.00, 7, 8.00, 5, '2021-08-09 23:36:26', '2021-08-09 23:36:26'),
(50, 'et', 'Cum velit ad velit optio tempore placeat hic.', 276.00, 6, 3.00, 4, '2021-08-09 23:36:26', '2021-08-09 23:36:26');

-- --------------------------------------------------------

--
-- Table structure for table `reviews`
--

CREATE TABLE `reviews` (
  `id` bigint(20) UNSIGNED NOT NULL,
  `customer` varchar(191) COLLATE utf8mb4_unicode_ci NOT NULL,
  `product_id` int(10) UNSIGNED DEFAULT NULL,
  `review` text COLLATE utf8mb4_unicode_ci NOT NULL,
  `star` int(11) NOT NULL,
  `created_at` timestamp NULL DEFAULT NULL,
  `updated_at` timestamp NULL DEFAULT NULL
) ENGINE=InnoDB DEFAULT CHARSET=utf8mb4 COLLATE=utf8mb4_unicode_ci;

--
-- Dumping data for table `reviews`
--

INSERT INTO `reviews` (`id`, `customer`, `product_id`, `review`, `star`, `created_at`, `updated_at`) VALUES
(1, 'Mr. Cody Price IV', 1, 'Voluptatibus voluptatum tempore consectetur in ullam iste ut occaecati. Sequi velit magnam atque. Optio qui quidem officiis eius velit. Inventore facilis consequatur nesciunt ut voluptate sint.', 3, '2021-08-09 23:36:26', '2021-08-09 23:36:26'),
(2, 'Cruz Mraz', 48, 'Eius numquam eum dolores alias vero praesentium voluptatem. Harum quia maiores totam quasi qui et. Cum est ut qui rerum dicta suscipit aut. Ut ut ipsa excepturi necessitatibus.', 5, '2021-08-09 23:36:26', '2021-08-09 23:36:26'),
(3, 'Henry Lehner', 35, 'Quibusdam rem aut delectus. Cupiditate assumenda rerum laboriosam tempore consequatur. Vero voluptatem eius voluptas sit et consectetur. Labore quis aliquam fugit nihil dolore dolor ut.', 1, '2021-08-09 23:36:26', '2021-08-09 23:36:26'),
(4, 'Emiliano Watsica', 30, 'Dicta quo quo molestiae ad. Tempore quibusdam reprehenderit nulla voluptatem a ipsam. Aliquid culpa nisi culpa quisquam. Earum fuga omnis minus id deleniti eos architecto molestiae.', 3, '2021-08-09 23:36:26', '2021-08-09 23:36:26'),
(5, 'Monserrat Skiles', 44, 'Vero aperiam vero quod ex cupiditate adipisci iusto. Culpa dignissimos dolorum occaecati dolorem perferendis nihil similique.', 2, '2021-08-09 23:36:26', '2021-08-09 23:36:26'),
(6, 'Mrs. Lisa Ernser', 29, 'Animi iure laborum sed iure. Voluptates commodi fuga dolorum. In sint aut eum non facere. Ab rerum ad et accusantium at.', 2, '2021-08-09 23:36:27', '2021-08-09 23:36:27'),
(7, 'Nakia Marvin', 15, 'Harum iure deserunt temporibus ea incidunt cupiditate ab culpa. Recusandae laudantium cum earum est. Consequuntur explicabo voluptatem eaque quos libero cum. Sit qui voluptas odio dolores.', 2, '2021-08-09 23:36:27', '2021-08-09 23:36:27'),
(8, 'Hazel Kuvalis', 37, 'Vero illo autem ut qui. Facere assumenda tempora perferendis et ipsa unde molestiae. Tempora ut reiciendis rerum.', 4, '2021-08-09 23:36:27', '2021-08-09 23:36:27'),
(9, 'Dr. Mossie Satterfield I', 38, 'Amet qui et vitae quam. Quo quibusdam unde consectetur ab sed qui est.', 3, '2021-08-09 23:36:27', '2021-08-09 23:36:27'),
(10, 'Sandra Wisoky V', 31, 'Fugiat est quia consectetur velit repellat et. Et molestias qui blanditiis sed ducimus. Possimus maiores sunt eos laborum atque qui.', 4, '2021-08-09 23:36:27', '2021-08-09 23:36:27'),
(11, 'Mrs. Elfrieda Waters I', 40, 'Vel numquam expedita blanditiis. Suscipit corporis nemo doloremque at debitis. Maiores dolor veniam officiis perspiciatis sed atque.', 5, '2021-08-09 23:36:27', '2021-08-09 23:36:27'),
(12, 'Maiya Schaden', 6, 'Architecto vero animi natus maxime aperiam harum ullam. Perspiciatis assumenda repudiandae nemo. Omnis veritatis impedit esse.', 4, '2021-08-09 23:36:27', '2021-08-09 23:36:27'),
(13, 'Amari Leannon', 11, 'Autem esse nemo omnis dolore hic impedit saepe. Ab voluptatem ipsam cumque at non. Vel dolores voluptatem asperiores adipisci aut.', 4, '2021-08-09 23:36:27', '2021-08-09 23:36:27'),
(14, 'Mckayla Franecki', 34, 'Sunt sit commodi voluptatem omnis. Esse dolorem nam ut ut itaque. Natus est voluptatem et molestiae at impedit consectetur eos. Fugit veritatis dignissimos ea sint eligendi dolor.', 1, '2021-08-09 23:36:27', '2021-08-09 23:36:27'),
(15, 'Alisa Morissette', 38, 'Minima culpa debitis ut magni. Nemo cumque sit quam dolor deserunt est qui. Repellendus aut unde est voluptatem officiis harum commodi voluptatibus. Aut placeat et placeat fugit impedit libero.', 3, '2021-08-09 23:36:27', '2021-08-09 23:36:27'),
(16, 'Salvatore Mayer', 37, 'Laudantium occaecati unde repellat consequatur laboriosam esse aspernatur. Ab consequatur omnis ea doloribus voluptas et aperiam. Quod minima dolorum et harum.', 0, '2021-08-09 23:36:27', '2021-08-09 23:36:27'),
(17, 'Sabrina Hill', 21, 'Non consequatur vitae quia libero molestias odit repellendus. Alias magnam quasi est. Perferendis quia temporibus aut perspiciatis. Atque magnam sint eum dolore delectus consequatur voluptatum.', 3, '2021-08-09 23:36:27', '2021-08-09 23:36:27'),
(18, 'Rickey Runolfsson DDS', 44, 'Ab iste vel nisi praesentium eaque expedita dolorem. Asperiores neque dolor molestias laboriosam perferendis in. Quod harum repellat magni temporibus ducimus sequi rem.', 0, '2021-08-09 23:36:28', '2021-08-09 23:36:28'),
(19, 'Dr. Jeff Wiegand', 7, 'Et deserunt sit ut. Facilis est hic qui illo. Eveniet odit velit unde rerum et quas.', 5, '2021-08-09 23:36:28', '2021-08-09 23:36:28'),
(20, 'Axel Kovacek', 2, 'Animi aperiam laudantium aperiam voluptatem nihil aut quaerat. Aut consectetur cupiditate quia dicta nobis voluptatum.', 5, '2021-08-09 23:36:28', '2021-08-09 23:36:28'),
(21, 'Johan Larkin', 37, 'Laborum officia ad veniam quidem. Aut laboriosam deleniti ut non esse. Molestias consequatur repellat facilis ut corrupti.', 0, '2021-08-09 23:36:28', '2021-08-09 23:36:28'),
(22, 'Kirsten Frami', 29, 'Aut amet aut aliquam. Vel fuga dolorem aut dolor. Voluptatem reiciendis omnis id quasi. Exercitationem facere ullam ea rem. Numquam at illum odio aspernatur cumque.', 2, '2021-08-09 23:36:28', '2021-08-09 23:36:28'),
(23, 'Chadrick Cormier', 33, 'Vitae ut sit et est molestiae saepe. Soluta placeat reprehenderit culpa. Blanditiis autem omnis tempore aut fugiat libero eligendi placeat.', 5, '2021-08-09 23:36:28', '2021-08-09 23:36:28'),
(24, 'Prof. Bobbie Von III', 28, 'Et quis et dicta voluptate. Sunt deleniti ut fugit voluptatum. Autem similique rem beatae debitis in illo eos.', 3, '2021-08-09 23:36:28', '2021-08-09 23:36:28'),
(25, 'Mr. Major Runolfsson Jr.', 39, 'Rerum eos cumque unde. Quasi voluptates voluptatum enim illo quo dolorem qui. Sit laborum cumque blanditiis eveniet eligendi aliquid delectus. Numquam nostrum maxime sint.', 3, '2021-08-09 23:36:28', '2021-08-09 23:36:28'),
(26, 'Millie Macejkovic', 11, 'Sint quaerat non laborum vero expedita architecto non minus. Qui eos quos nihil tenetur ducimus non. Cupiditate maiores impedit qui voluptatibus architecto illum non aut.', 2, '2021-08-09 23:36:28', '2021-08-09 23:36:28'),
(27, 'Mr. Jeff Jast I', 40, 'Ullam consequatur ut maiores ducimus illo amet. Nihil quia provident placeat vero ratione ut.', 1, '2021-08-09 23:36:28', '2021-08-09 23:36:28'),
(28, 'Prof. Deshawn Shields', 14, 'Temporibus nihil qui quas voluptates dignissimos omnis aliquam. Et nihil dolores quia adipisci inventore. Est aliquid rerum impedit corporis nihil.', 0, '2021-08-09 23:36:28', '2021-08-09 23:36:28'),
(29, 'Prof. Ari Braun', 50, 'Aspernatur nihil nobis aut et veritatis. Autem hic dolor quia odit illo beatae. Nemo est qui sed et consequuntur voluptates. Qui doloremque ut occaecati expedita nulla.', 5, '2021-08-09 23:36:28', '2021-08-09 23:36:28'),
(30, 'Lon Hegmann', 7, 'Qui quod dolor sit consequatur aut ut. Ut aut in omnis facilis quas. Repellat nemo omnis voluptas sit dolorem. Ab placeat reiciendis beatae molestiae laudantium enim.', 0, '2021-08-09 23:36:29', '2021-08-09 23:36:29'),
(31, 'Miss Leila Lubowitz', 33, 'Dolore quam quia placeat non. Eius quos animi libero laudantium laborum.', 0, '2021-08-09 23:36:29', '2021-08-09 23:36:29'),
(32, 'Gwendolyn Wolff', 46, 'Omnis asperiores qui eum deserunt repellat harum. Accusamus alias dolorem sapiente assumenda magni necessitatibus in odit. Reiciendis accusamus id ipsa amet delectus quia.', 0, '2021-08-09 23:36:29', '2021-08-09 23:36:29'),
(33, 'Prof. Tamara Gutmann', 28, 'Nihil aliquid nam culpa. Accusamus minima ut iste eum praesentium. Id consequatur id ipsam pariatur. Perspiciatis eveniet assumenda nulla.', 4, '2021-08-09 23:36:29', '2021-08-09 23:36:29'),
(34, 'Jovani Farrell', 4, 'Eum qui enim odit voluptate consequatur debitis. Minima eum voluptatem est dicta rerum. Qui doloribus possimus qui eaque qui quos velit.', 1, '2021-08-09 23:36:29', '2021-08-09 23:36:29'),
(35, 'Mrs. Kendra Wunsch Sr.', 33, 'Vero dolore repellat hic. Aliquam accusantium voluptatem voluptatibus provident. Iusto perspiciatis aperiam alias consectetur tenetur provident.', 2, '2021-08-09 23:36:29', '2021-08-09 23:36:29'),
(36, 'Ms. Giovanna Howe II', 4, 'Repellat est similique exercitationem et corrupti nisi. Fuga deleniti at ratione et et qui quas facilis. In labore sint qui quis hic voluptatum accusamus molestias.', 5, '2021-08-09 23:36:29', '2021-08-09 23:36:29'),
(37, 'Gunner Collier', 20, 'Atque minus aut rem nemo. Placeat rerum sed error beatae odit rerum. Non neque earum modi et tenetur dolores repellat. Minima aliquid reiciendis aut ea ab.', 3, '2021-08-09 23:36:29', '2021-08-09 23:36:29'),
(38, 'Shad Orn PhD', 38, 'Ex sint sunt sint ipsum. Voluptates quo voluptatum modi illo. Quia et repellat quia est sed.', 5, '2021-08-09 23:36:29', '2021-08-09 23:36:29'),
(39, 'Dedrick Orn', 28, 'Perspiciatis porro et et nihil consequatur magni. Sunt est inventore dicta non. Autem molestias exercitationem sunt officia inventore fugit.', 1, '2021-08-09 23:36:29', '2021-08-09 23:36:29'),
(40, 'Sonya Anderson', 27, 'Sed veritatis deserunt qui qui minus accusamus. Aliquam dicta pariatur est libero natus et enim. Aut culpa eligendi est et. Et amet et iusto veritatis dolore voluptas aut ipsum.', 2, '2021-08-09 23:36:29', '2021-08-09 23:36:29'),
(41, 'Cathryn Howe Jr.', 50, 'Ut pariatur aut voluptatem nesciunt sint explicabo perspiciatis aliquid. Blanditiis aut voluptatem quis dolor doloribus.', 0, '2021-08-09 23:36:29', '2021-08-09 23:36:29'),
(42, 'Ms. Leta Emard', 17, 'Qui voluptas nostrum aut. Consequuntur libero est autem qui itaque possimus. Recusandae impedit dignissimos rerum consequatur. Error est sit sint blanditiis voluptatem.', 0, '2021-08-09 23:36:29', '2021-08-09 23:36:29'),
(43, 'Cade Yost', 36, 'Ullam beatae ullam animi qui consequatur porro. Sed sed ut pariatur. Nemo repellat in magni repudiandae temporibus repudiandae alias.', 1, '2021-08-09 23:36:29', '2021-08-09 23:36:29'),
(44, 'Ms. Heidi Wunsch III', 30, 'Magni quos rerum consequatur eos est. Suscipit magni voluptas autem cumque eum dicta est.', 0, '2021-08-09 23:36:29', '2021-08-09 23:36:29'),
(45, 'Prof. Hillary Kerluke', 39, 'Quia nihil eum facere aut vero. Fugit ea numquam impedit odio. Debitis voluptatem distinctio ad ut eius illum.', 3, '2021-08-09 23:36:29', '2021-08-09 23:36:29'),
(46, 'Mr. Ryleigh Hill', 6, 'Distinctio at voluptas expedita. In enim eveniet odit. Facilis facere tempora soluta. Nihil soluta vel fugit provident illo. Totam aut culpa omnis et vel.', 5, '2021-08-09 23:36:29', '2021-08-09 23:36:29'),
(47, 'Dr. Reyes Moore', 13, 'Vel quas inventore occaecati. Laboriosam incidunt delectus dolor autem. Suscipit minima doloribus voluptas et. Delectus quia dolores reiciendis.', 0, '2021-08-09 23:36:29', '2021-08-09 23:36:29'),
(48, 'Dr. Jarvis Oberbrunner', 48, 'Repellendus molestiae omnis mollitia. Qui pariatur nam est ut voluptatum. Est quibusdam id eaque a et qui quia. Numquam qui et ut pariatur minima.', 2, '2021-08-09 23:36:30', '2021-08-09 23:36:30'),
(49, 'Prof. Loren Kihn', 47, 'Occaecati autem repudiandae deserunt fuga aliquam. Maxime id quidem suscipit natus. Quam minima molestiae magnam quis.', 2, '2021-08-09 23:36:30', '2021-08-09 23:36:30'),
(50, 'Elliott Runte I', 41, 'Accusamus repudiandae consequuntur nesciunt libero. Autem praesentium iusto incidunt eos ut et. Rem omnis fugit nesciunt qui illum harum. Nulla harum odio accusantium voluptas quaerat magnam.', 4, '2021-08-09 23:36:30', '2021-08-09 23:36:30'),
(51, 'Marcelina Mertz', 15, 'Ullam numquam nihil ut recusandae et. Tempora quae eos ullam quos libero accusantium sed.', 2, '2021-08-09 23:36:30', '2021-08-09 23:36:30'),
(52, 'Dr. Audie Gislason', 3, 'Inventore est autem ut veniam dolorem ut at. Nesciunt similique placeat et in est. Dolorem officia aliquid maiores nobis labore aut. Perferendis aut quia vel repellat voluptatem.', 5, '2021-08-09 23:36:30', '2021-08-09 23:36:30'),
(53, 'Jeromy Lind PhD', 17, 'Officiis nihil magni blanditiis qui. Dolorem nihil necessitatibus eos fuga. Earum nostrum ratione doloremque quo dolor et sapiente ab.', 4, '2021-08-09 23:36:30', '2021-08-09 23:36:30'),
(54, 'Cedrick Morar', 28, 'Quis velit sit doloribus. Eius est ullam a asperiores aut dolores. Eum qui assumenda molestias velit molestiae. Omnis eum ipsa porro rem aut.', 2, '2021-08-09 23:36:30', '2021-08-09 23:36:30'),
(55, 'Buford Von', 36, 'Tempore suscipit commodi doloremque. Quo placeat vero quis ut deserunt deleniti laboriosam. Voluptatem unde sit error et quo. Amet ut quia et quos et ipsa.', 2, '2021-08-09 23:36:30', '2021-08-09 23:36:30'),
(56, 'Melany Jacobs', 45, 'Ad eum quas qui vitae aliquid. Quo enim temporibus dolorem fugit nisi. Illum dolor neque iste aut delectus rerum vero perferendis. Quam quis laborum accusantium modi.', 4, '2021-08-09 23:36:30', '2021-08-09 23:36:30'),
(57, 'Julien Langosh', 16, 'Ut provident necessitatibus dolorem consequatur. Distinctio tenetur accusamus est enim at et dolores. Voluptas tenetur facilis quia laboriosam eius. Amet labore dicta tenetur a incidunt nihil.', 5, '2021-08-09 23:36:30', '2021-08-09 23:36:30'),
(58, 'Audrey Balistreri DVM', 45, 'Dolor vero ut quis quo ut laborum et. Ut voluptatum praesentium et distinctio voluptatum aliquam vitae. Asperiores aut ea voluptas corrupti perferendis dolore tenetur.', 3, '2021-08-09 23:36:30', '2021-08-09 23:36:30'),
(59, 'Mr. Manuel Stark I', 28, 'Consequatur consequatur qui autem corrupti assumenda quidem dicta aut. Harum ea autem sint quia delectus asperiores.', 2, '2021-08-09 23:36:30', '2021-08-09 23:36:30'),
(60, 'Bud Kertzmann', 5, 'Commodi est soluta quis culpa velit voluptatem. Unde quisquam eligendi enim distinctio veritatis. Nulla iste aut ipsum officiis neque adipisci aliquam. Quod quisquam occaecati ut.', 5, '2021-08-09 23:36:30', '2021-08-09 23:36:30'),
(61, 'Prof. Jalen Ullrich', 41, 'Tenetur laborum molestiae dolore et sunt. Itaque at occaecati totam laborum eum. Voluptates culpa dolores similique minus. Labore illum aut recusandae sed.', 0, '2021-08-09 23:36:30', '2021-08-09 23:36:30'),
(62, 'Rosetta Heller Sr.', 37, 'Accusamus officiis quidem pariatur minus cupiditate incidunt voluptate doloremque. Suscipit voluptatum recusandae possimus at in. Ratione quaerat inventore amet voluptates culpa beatae.', 1, '2021-08-09 23:36:30', '2021-08-09 23:36:30'),
(63, 'Modesta Streich', 14, 'Quam similique repellat est amet quis mollitia. Quasi eos occaecati veniam est ipsum aperiam excepturi. Perspiciatis quis et ab autem. Et assumenda modi aspernatur ut.', 1, '2021-08-09 23:36:30', '2021-08-09 23:36:30'),
(64, 'Prof. Teagan Walker MD', 8, 'Quibusdam asperiores et laborum dolore officiis qui. Enim pariatur dolores eos autem ut eaque. Ratione harum mollitia sint id dolores. Sapiente reiciendis labore ipsa illum.', 4, '2021-08-09 23:36:30', '2021-08-09 23:36:30'),
(65, 'Eulah Nitzsche', 46, 'Temporibus iste consectetur blanditiis nam quia culpa modi. Rerum assumenda est minima est. Nostrum est quos tenetur eveniet dolor nihil inventore.', 5, '2021-08-09 23:36:30', '2021-08-09 23:36:30'),
(66, 'Malika Mann', 7, 'Repudiandae soluta dolorem qui expedita. Tenetur voluptas omnis dolor non et placeat tenetur.', 0, '2021-08-09 23:36:30', '2021-08-09 23:36:30'),
(67, 'Miss Francesca Hartmann', 48, 'Blanditiis quia sit quo reiciendis reprehenderit molestiae culpa libero. Rerum voluptatibus id ea. Minima sit magnam eaque sit nostrum et natus. Exercitationem rerum aut nostrum id et nam.', 1, '2021-08-09 23:36:30', '2021-08-09 23:36:30'),
(68, 'Josianne Weissnat II', 15, 'Et est ut voluptatem quas sint. Illum ratione quia quia. Sit saepe laudantium eum nobis.', 1, '2021-08-09 23:36:30', '2021-08-09 23:36:30'),
(69, 'Lorenzo Kuhn', 33, 'Perferendis et quam quia. Adipisci a nihil magni dolore natus quibusdam. Ut facilis rerum quibusdam repellendus impedit optio voluptatibus sed.', 4, '2021-08-09 23:36:30', '2021-08-09 23:36:30'),
(70, 'Parker Heathcote', 18, 'Odio eligendi repudiandae quo a. Numquam et non quia quam. Rem enim consequatur consequatur quia quis.', 3, '2021-08-09 23:36:30', '2021-08-09 23:36:30'),
(71, 'Kaden Gibson', 41, 'Aperiam numquam numquam laborum molestiae unde voluptatem id. Expedita in quidem modi beatae sit. Sed praesentium molestiae non facilis praesentium. Eaque nobis fugiat ratione nobis sequi voluptate.', 4, '2021-08-09 23:36:30', '2021-08-09 23:36:30'),
(72, 'Alfreda Prohaska', 1, 'Dolore asperiores magnam quis ex eius laboriosam non. Exercitationem cumque hic nam impedit qui necessitatibus. Nobis ipsum blanditiis expedita cumque ad alias ratione.', 0, '2021-08-09 23:36:31', '2021-08-09 23:36:31'),
(73, 'Clint Kulas', 31, 'Eveniet et laboriosam harum ipsum qui nemo commodi nihil. Et quo quod possimus tenetur. Nulla vel quibusdam nulla. Explicabo in porro consequatur ea. Quisquam saepe molestiae ut voluptas omnis eos.', 0, '2021-08-09 23:36:31', '2021-08-09 23:36:31'),
(74, 'Kianna Klocko', 2, 'Sequi culpa quo dignissimos consequuntur facere alias ut. Sed vel ducimus sunt et omnis nostrum accusamus neque. Animi tempore omnis qui ut veniam.', 4, '2021-08-09 23:36:31', '2021-08-09 23:36:31'),
(75, 'Jayce Olson', 16, 'Repellat deleniti odio eveniet fugiat saepe odio. Ab non occaecati sed ducimus rerum quidem ut quod. Enim quia cupiditate qui autem ut.', 2, '2021-08-09 23:36:31', '2021-08-09 23:36:31'),
(76, 'Corrine Stokes', 26, 'Nihil est et dolore maiores id. Ipsam sapiente rem quibusdam. Quia autem fugiat cupiditate autem sit quidem. Recusandae non voluptate ad.', 4, '2021-08-09 23:36:31', '2021-08-09 23:36:31'),
(77, 'Pete Fadel', 28, 'Laudantium nobis sunt id error perspiciatis beatae sit. Maxime ut delectus culpa aliquam occaecati omnis tenetur. Adipisci est assumenda eum voluptas qui.', 2, '2021-08-09 23:36:31', '2021-08-09 23:36:31'),
(78, 'Rasheed Will', 13, 'Quia minus sed minus nisi facere blanditiis veritatis aliquam. Molestiae iusto consequatur est praesentium occaecati quas illum.', 1, '2021-08-09 23:36:31', '2021-08-09 23:36:31'),
(79, 'Mr. Darian Carter V', 31, 'Eos aliquam maxime earum qui consequuntur eos cupiditate. Reiciendis id provident est modi quae ut nesciunt. Quia eum ipsam sed error et delectus. Iusto esse totam repudiandae est odio optio.', 4, '2021-08-09 23:36:31', '2021-08-09 23:36:31'),
(80, 'Jazmyne Bode IV', 16, 'Sed aperiam sed autem id ea laboriosam quo. Mollitia quibusdam consequatur incidunt est laudantium quod rerum. Eum commodi dolor consequuntur fugiat consectetur doloremque aut laborum.', 5, '2021-08-09 23:36:31', '2021-08-09 23:36:31'),
(81, 'Lilian Bogan', 37, 'Eos et vel maiores iusto. Molestiae voluptas quo ut sit fuga placeat et dolorem. Quasi porro ea eum molestiae ratione velit culpa.', 5, '2021-08-09 23:36:31', '2021-08-09 23:36:31'),
(82, 'Marina Tremblay', 34, 'Modi dolor et magnam asperiores dicta. Temporibus qui ut odit autem est animi. Adipisci reiciendis repellat itaque rerum culpa id eius.', 5, '2021-08-09 23:36:31', '2021-08-09 23:36:31'),
(83, 'Prof. Andre Grady', 8, 'Iusto quia ex atque est minus est. Saepe quisquam omnis molestias nesciunt. Totam ea rerum sed asperiores modi.', 3, '2021-08-09 23:36:31', '2021-08-09 23:36:31'),
(84, 'Ms. Sabrina Hessel Sr.', 39, 'Non sunt quo dolorum esse velit. Qui consequatur illum unde repellat velit et. Aspernatur cum quo natus est dolores alias. Explicabo saepe debitis est dolor magnam vel.', 3, '2021-08-09 23:36:31', '2021-08-09 23:36:31'),
(85, 'Xzavier Gerhold', 21, 'Error esse nostrum blanditiis. Perferendis sit tempora totam nobis voluptatem eos. Explicabo fugit qui quod praesentium suscipit ipsum.', 0, '2021-08-09 23:36:31', '2021-08-09 23:36:31'),
(86, 'Ayla Wuckert Jr.', 36, 'Quos harum error dolor illo. Sequi exercitationem eos quidem ad. Similique facilis repellendus dolores quaerat aut tempora. Et deserunt aliquam maxime dicta molestias.', 4, '2021-08-09 23:36:31', '2021-08-09 23:36:31'),
(87, 'Daniella Hansen', 18, 'Amet laborum eius aliquam et. Saepe aut at eum aut. Eius ut incidunt voluptates iure. Voluptas et temporibus perspiciatis qui et omnis ab sed.', 1, '2021-08-09 23:36:31', '2021-08-09 23:36:31'),
(88, 'Kelsie Lubowitz', 31, 'Animi quia occaecati id tenetur sint. Et qui ut consectetur rem. Aperiam sed quod ducimus. Voluptate tempore dolores ipsam voluptatum. Neque ea voluptatem temporibus reiciendis fugit nesciunt quas.', 3, '2021-08-09 23:36:31', '2021-08-09 23:36:31'),
(89, 'Prof. Ada Torp', 1, 'Eum doloribus pariatur ex aut. Voluptatibus asperiores aliquam quia ullam dolores. Dolores rerum libero voluptates exercitationem. Quis aut unde debitis deserunt.', 3, '2021-08-09 23:36:31', '2021-08-09 23:36:31'),
(90, 'Prof. Raymond Bailey', 12, 'Voluptatem eaque omnis quisquam. Ut magnam reiciendis aut dolor. Eos id pariatur rerum quo. Eaque quaerat quisquam delectus sunt omnis.', 0, '2021-08-09 23:36:31', '2021-08-09 23:36:31'),
(91, 'Maximus Cruickshank', 4, 'Est assumenda ducimus incidunt eos sint. Et eos rerum ratione autem provident corporis esse. Totam eos quisquam qui placeat corporis dicta eos. Et delectus in odio et aliquid est.', 4, '2021-08-09 23:36:31', '2021-08-09 23:36:31'),
(92, 'Prof. Vincent Kuphal MD', 35, 'Ut blanditiis qui quo totam voluptatem iste molestiae. Alias rem nam rerum ullam enim in aut.', 2, '2021-08-09 23:36:31', '2021-08-09 23:36:31'),
(93, 'Anahi Upton', 12, 'Est omnis aut ut ex. Et et occaecati a earum. Libero aut numquam debitis sint velit sed. Ut et esse cupiditate et omnis ad omnis.', 2, '2021-08-09 23:36:31', '2021-08-09 23:36:31'),
(94, 'Wyatt Mills', 5, 'Voluptate rem neque officia necessitatibus eos. Accusantium quod blanditiis aut accusantium impedit et. Eius in explicabo placeat assumenda possimus.', 4, '2021-08-09 23:36:31', '2021-08-09 23:36:31'),
(95, 'Darien Roob', 38, 'Explicabo quo adipisci sapiente quibusdam incidunt. Debitis provident distinctio quo dolorum ab cumque nam. Molestiae et accusamus perspiciatis reprehenderit.', 3, '2021-08-09 23:36:32', '2021-08-09 23:36:32'),
(96, 'Dell Schuster', 25, 'Ex nesciunt delectus quos molestiae quidem enim. Corporis velit veritatis deserunt corporis vero. Quod nam optio assumenda maxime vel. Eaque cum aut est dolorem ut. Laborum nostrum unde nulla illum.', 0, '2021-08-09 23:36:32', '2021-08-09 23:36:32'),
(97, 'Janick Bauch Jr.', 11, 'Aut vero dolores a et ut quasi. Reiciendis soluta aut placeat quia qui aspernatur. Alias est in quas voluptatibus maxime expedita.', 1, '2021-08-09 23:36:32', '2021-08-09 23:36:32'),
(98, 'Marion Dicki', 28, 'Provident id ipsum officia. Saepe itaque qui voluptas accusantium. Tempora ipsa consectetur eum non. Ipsam repellendus aut ut pariatur sit.', 4, '2021-08-09 23:36:32', '2021-08-09 23:36:32'),
(99, 'Abe Grimes', 6, 'Asperiores tempora ea quae dolor. Nostrum debitis optio aut reiciendis beatae autem. Id dolorem aspernatur vel soluta accusantium repellat.', 2, '2021-08-09 23:36:32', '2021-08-09 23:36:32'),
(100, 'Linda Ondricka', 45, 'Qui maxime velit voluptatem. Nihil consequatur inventore vero autem quia occaecati assumenda. Magni voluptatem quae reprehenderit eos rerum deleniti qui.', 0, '2021-08-09 23:36:32', '2021-08-09 23:36:32'),
(101, 'Tomasa Parisian II', 6, 'Vel ut ratione ut. Enim vero earum libero et. Dolore necessitatibus et totam nobis nostrum. Laboriosam consequatur dolores voluptates voluptatem nemo.', 0, '2021-08-09 23:36:32', '2021-08-09 23:36:32'),
(102, 'Joesph Ankunding', 45, 'Tempore qui perferendis quia sed. Quaerat et quod quaerat nihil perferendis sit. Ea autem cum dolor molestiae eos mollitia velit.', 4, '2021-08-09 23:36:32', '2021-08-09 23:36:32'),
(103, 'Austen Hill', 6, 'Magni aut animi sed excepturi magni rerum omnis esse. Sint rerum est omnis hic saepe unde ex vel. Rem ipsa inventore accusamus error aliquid similique nobis.', 4, '2021-08-09 23:36:32', '2021-08-09 23:36:32'),
(104, 'Isac Boyle', 47, 'Officia quo et nobis quae. Nesciunt molestiae sint sed sint aut ipsa est quidem. Aut rerum doloremque non error eveniet ea itaque. Praesentium voluptatem repudiandae provident tempore perferendis.', 0, '2021-08-09 23:36:32', '2021-08-09 23:36:32'),
(105, 'Dr. Breana Grant IV', 15, 'Odio aperiam tempora praesentium autem. Quis tempora non quasi enim vitae hic. Eaque aperiam excepturi tempore aliquid. Ut optio similique nam iusto laboriosam iure.', 0, '2021-08-09 23:36:32', '2021-08-09 23:36:32'),
(106, 'Grady Wehner IV', 32, 'Qui sunt autem aspernatur et at. Ab omnis soluta molestiae minus labore nostrum illo ipsa. Maxime provident mollitia accusantium sequi. Accusantium voluptate aut fuga aut illo nobis sed.', 4, '2021-08-09 23:36:32', '2021-08-09 23:36:32'),
(107, 'Jalon Beier', 14, 'Nostrum atque ducimus voluptatem et vel voluptatum veritatis. Et rerum aliquam est explicabo possimus occaecati ad ullam. Vero reprehenderit deserunt sint.', 1, '2021-08-09 23:36:32', '2021-08-09 23:36:32'),
(108, 'Prof. Dante Gaylord Sr.', 24, 'Voluptas eum qui labore dolorum. Qui id ut excepturi doloremque iusto dolor non velit. Pariatur qui quo consequatur necessitatibus consequatur.', 3, '2021-08-09 23:36:32', '2021-08-09 23:36:32'),
(109, 'Ms. Molly Bashirian', 26, 'Non aut nam ea necessitatibus. Quia nostrum officia numquam dolor reiciendis ea. Excepturi debitis quas ipsa sed fugiat earum placeat. Modi reprehenderit dolorum voluptate adipisci in sapiente.', 4, '2021-08-09 23:36:32', '2021-08-09 23:36:32'),
(110, 'Bernice Bergnaum II', 8, 'Excepturi saepe nemo qui quia et. Non et vel occaecati reiciendis. Rerum quis in non. Rerum laboriosam id reiciendis.', 3, '2021-08-09 23:36:32', '2021-08-09 23:36:32'),
(111, 'Amely Hoppe MD', 13, 'Illo quia id eaque vel facere. Quam quis voluptas amet nam est non eum voluptatibus. Asperiores nesciunt sed porro deserunt deleniti voluptas.', 0, '2021-08-09 23:36:32', '2021-08-09 23:36:32'),
(112, 'Prof. Brooks Mitchell IV', 42, 'Rerum voluptatem sapiente facere eum necessitatibus maiores deleniti. Et qui eos aut et dignissimos rem.', 2, '2021-08-09 23:36:32', '2021-08-09 23:36:32'),
(113, 'Jadon Bahringer', 18, 'Est nobis voluptatem ut ullam. Ea quia sapiente odio sequi. Voluptates illum veniam tempore aut at dignissimos placeat aspernatur.', 5, '2021-08-09 23:36:32', '2021-08-09 23:36:32'),
(114, 'Dianna Ullrich', 16, 'Et facere quibusdam sit velit sed. Maiores tempora cum rem ab commodi est necessitatibus unde. Nihil commodi nihil facere velit eaque. Architecto provident nisi illum qui.', 3, '2021-08-09 23:36:32', '2021-08-09 23:36:32'),
(115, 'Abbigail McClure', 25, 'Voluptatem est aut aut aut et aut nihil. Quasi odio asperiores necessitatibus voluptates. Magni qui ea eos et. Nobis et ut eveniet quasi possimus.', 0, '2021-08-09 23:36:32', '2021-08-09 23:36:32'),
(116, 'Raymond Hand', 25, 'Fugiat velit nostrum sunt error. Accusamus consequuntur porro illo sunt est eum. Ut ducimus sit deserunt in est et delectus. Ea consequuntur quas consequatur sed esse.', 0, '2021-08-09 23:36:33', '2021-08-09 23:36:33'),
(117, 'Gloria Okuneva', 50, 'Sunt in qui et optio. Facere quas veniam ipsa et dolorem nihil. Ut excepturi voluptatem fugiat exercitationem incidunt necessitatibus quia. Fugiat omnis esse illo.', 0, '2021-08-09 23:36:33', '2021-08-09 23:36:33'),
(118, 'Mervin Ferry', 26, 'Veritatis ut molestiae quia rem non. Tempora ut dolore ad minima. Consequatur unde sed maxime molestias expedita maiores et. Officiis eos qui id quisquam voluptas sed repudiandae.', 2, '2021-08-09 23:36:33', '2021-08-09 23:36:33'),
(119, 'Sabrina Ledner', 28, 'Dolores autem provident et et veniam et qui. Necessitatibus aut sunt praesentium. Nihil et quisquam qui quis quo.', 3, '2021-08-09 23:36:33', '2021-08-09 23:36:33'),
(120, 'Allene Carter', 11, 'Nisi illum mollitia qui nisi quam blanditiis velit. Laboriosam officia distinctio velit iure qui occaecati voluptatem. Sed voluptatem possimus quasi eaque repellat iusto omnis.', 1, '2021-08-09 23:36:33', '2021-08-09 23:36:33'),
(121, 'Michelle Hilpert I', 20, 'Quam sed quae et. Omnis repellendus pariatur perspiciatis nemo dolorum. Tempora eos aut officiis quas. Delectus enim mollitia eligendi esse delectus non nesciunt.', 3, '2021-08-09 23:36:33', '2021-08-09 23:36:33'),
(122, 'Mrs. Dominique Wiza', 18, 'Et dolorem libero ea. Voluptas quia aliquam sunt aperiam pariatur consequuntur. Dolor aut iure quas temporibus. Debitis sunt a et.', 2, '2021-08-09 23:36:33', '2021-08-09 23:36:33'),
(123, 'Raegan Upton', 27, 'Minima dolorem quaerat autem. Et assumenda aut minus soluta non magni recusandae. Ab cumque est ducimus repellat porro. Aliquam et deleniti reprehenderit adipisci et cumque et fugiat.', 2, '2021-08-09 23:36:33', '2021-08-09 23:36:33'),
(124, 'Alberto Funk', 32, 'Illum iure quia temporibus. Unde inventore animi numquam corporis. Rem eum neque eaque a sit.', 2, '2021-08-09 23:36:33', '2021-08-09 23:36:33'),
(125, 'Ms. Alexandrine Flatley', 29, 'Rem animi sed nulla labore suscipit. Reiciendis aut et dolores labore. Enim quis perspiciatis ea illo molestiae. Quo ad dolores libero molestiae culpa voluptate.', 5, '2021-08-09 23:36:33', '2021-08-09 23:36:33'),
(126, 'Broderick Kshlerin', 49, 'Assumenda aut nesciunt a consequatur eum quia sequi. Non sed qui quasi architecto. Quod hic dolorem eligendi possimus maiores. Consequuntur nihil cumque neque deserunt sed.', 5, '2021-08-09 23:36:33', '2021-08-09 23:36:33'),
(127, 'Cortez Dicki', 7, 'Eos recusandae non voluptates qui. Ut et sed asperiores sed nisi. Iste corporis in consectetur aut et. Aperiam doloremque assumenda totam.', 3, '2021-08-09 23:36:33', '2021-08-09 23:36:33'),
(128, 'Ayden Kohler', 37, 'Eum amet tempora non animi. Assumenda ipsam vero aut non similique rerum. Velit et incidunt rerum. Optio est omnis est beatae. Enim laborum autem ratione.', 2, '2021-08-09 23:36:33', '2021-08-09 23:36:33'),
(129, 'Marcelo Kuhlman Sr.', 13, 'Rerum esse quia cum nesciunt ea aut enim sed. Totam officia dolor autem quo deserunt. Reiciendis asperiores quos et et error dolores. Qui dolores et et laboriosam rerum.', 4, '2021-08-09 23:36:33', '2021-08-09 23:36:33'),
(130, 'Miss Mae Shields DVM', 4, 'Explicabo voluptates ex consequatur et atque laudantium. Voluptatem adipisci corrupti ipsam doloremque amet. Aperiam est eligendi officia dolores est ullam. Culpa eum dolores quisquam velit.', 4, '2021-08-09 23:36:33', '2021-08-09 23:36:33'),
(131, 'Dr. Omer Tremblay II', 32, 'Inventore doloremque et enim cumque est eius aut. Nihil odit inventore velit quis. Libero eius id officia est nulla facilis. Ut aliquid enim reiciendis sed at non magni praesentium.', 4, '2021-08-09 23:36:33', '2021-08-09 23:36:33'),
(132, 'Carissa Trantow', 46, 'Quis nulla at numquam dolorem est. Deleniti ut nam iusto rerum esse et.', 3, '2021-08-09 23:36:33', '2021-08-09 23:36:33'),
(133, 'Naomi Lang', 34, 'Excepturi consequatur et vel deleniti soluta deserunt rem quisquam. Illo voluptatum quis voluptatem ipsum ut ratione beatae. Dolor animi autem molestias non. Laudantium quae et omnis laudantium.', 0, '2021-08-09 23:36:33', '2021-08-09 23:36:33'),
(134, 'Alvah Schuppe', 31, 'Ab non quia corrupti saepe. Veniam id quod minus exercitationem est delectus et. Quod id dolor non sint autem.', 3, '2021-08-09 23:36:33', '2021-08-09 23:36:33'),
(135, 'Gladyce Walter', 2, 'Magnam adipisci qui numquam id debitis. Aut asperiores qui et beatae sapiente ad. Recusandae voluptas omnis optio explicabo. Saepe ab amet autem perferendis.', 3, '2021-08-09 23:36:33', '2021-08-09 23:36:33'),
(136, 'Mr. Camryn Murray II', 19, 'Ea consectetur ea consectetur hic quisquam qui porro. Ea quo animi occaecati quas. Quis nobis et alias qui est qui in.', 0, '2021-08-09 23:36:33', '2021-08-09 23:36:33'),
(137, 'Ms. Dianna Torp', 37, 'Perspiciatis aut rerum sint et accusantium quod excepturi. Et vel qui modi nostrum nobis autem deleniti nulla. Quia ut earum vel incidunt perferendis. Velit quaerat laboriosam pariatur.', 2, '2021-08-09 23:36:34', '2021-08-09 23:36:34'),
(138, 'Mr. Kane Carter Sr.', 26, 'Distinctio ut a provident nostrum nemo magnam. Qui ut tenetur doloremque quos. Ut adipisci voluptatibus possimus sit magnam. Porro excepturi esse ut esse.', 3, '2021-08-09 23:36:34', '2021-08-09 23:36:34'),
(139, 'Leon Boyer', 18, 'Quia quia quia aut iste. Eum voluptatum ab labore quos harum. Vel et dolores molestiae suscipit. Vel iusto velit molestiae et alias iure qui.', 5, '2021-08-09 23:36:34', '2021-08-09 23:36:34'),
(140, 'Kameron Sauer', 14, 'Repellat ut dolorum qui eos. Atque quisquam pariatur eos. Ducimus quibusdam quis numquam quam et.', 5, '2021-08-09 23:36:34', '2021-08-09 23:36:34'),
(141, 'Anissa Price', 16, 'Exercitationem et repudiandae doloribus laudantium corporis. Natus et dolorem iste officiis. Temporibus repellat molestiae ut sunt quas.', 5, '2021-08-09 23:36:34', '2021-08-09 23:36:34'),
(142, 'Marie Schamberger III', 37, 'Omnis commodi provident velit perspiciatis quis quis sapiente. Adipisci voluptas est blanditiis dolorum. Minus voluptas et sed atque.', 2, '2021-08-09 23:36:34', '2021-08-09 23:36:34'),
(143, 'Fred Spinka DVM', 37, 'Repellendus debitis fuga quo. Quia corporis et adipisci qui dolorem. Dolorum quas laboriosam tempore voluptates corrupti dolorem fuga nihil.', 3, '2021-08-09 23:36:34', '2021-08-09 23:36:34'),
(144, 'Miss Alia Veum', 25, 'Id et eum explicabo autem quia exercitationem ipsa. Eaque et quod est dignissimos. Voluptatibus ipsam quia et dolorum magnam. Est sit aliquid omnis voluptate animi.', 3, '2021-08-09 23:36:34', '2021-08-09 23:36:34'),
(145, 'Mr. Jeromy Bergstrom', 11, 'Et eum maiores amet dolores repellendus unde doloribus autem. Est non repellendus et fugiat in.', 1, '2021-08-09 23:36:34', '2021-08-09 23:36:34'),
(146, 'Gwen Lehner Jr.', 29, 'Officiis sed et voluptatibus est. Molestias est est et recusandae voluptas aspernatur magni. Repellendus et architecto eos repudiandae.', 4, '2021-08-09 23:36:34', '2021-08-09 23:36:34'),
(147, 'Scarlett Treutel', 11, 'Beatae possimus aut dignissimos nam officia. Iste cupiditate excepturi debitis. Est veritatis doloribus earum fugit tempora quia impedit. Omnis necessitatibus quos nihil.', 1, '2021-08-09 23:36:34', '2021-08-09 23:36:34'),
(148, 'Domingo Labadie', 21, 'Est facilis quibusdam et. Officiis tempora nulla esse quibusdam tempora qui commodi architecto. Odit quaerat quibusdam excepturi error delectus nobis ut omnis.', 5, '2021-08-09 23:36:34', '2021-08-09 23:36:34'),
(149, 'Dr. Hilario Trantow', 18, 'Ut qui sunt qui sit ducimus. Reiciendis et quia sed dolores aut dolore vel. Ullam voluptatem neque non fugiat.', 5, '2021-08-09 23:36:34', '2021-08-09 23:36:34'),
(150, 'Izaiah Price', 26, 'Eveniet id enim quo deserunt vel rerum. Dolor quia voluptates aperiam veniam rerum. Eos excepturi voluptas quas doloremque. Qui fugit dolorem esse eum illum aut ipsam.', 4, '2021-08-09 23:36:34', '2021-08-09 23:36:34'),
(151, 'Precious Wisozk', 27, 'Doloremque nostrum nostrum eligendi saepe tempora est ipsum culpa. Suscipit voluptas velit aut provident. Quia tempore in molestiae quia eius omnis. Et rem nihil commodi consequuntur praesentium.', 0, '2021-08-09 23:36:34', '2021-08-09 23:36:34'),
(152, 'Doug Goodwin', 6, 'Voluptas commodi rerum cupiditate quia repudiandae omnis. Sapiente autem animi harum mollitia non voluptas. Fugiat dolor officiis velit animi minus et.', 0, '2021-08-09 23:36:34', '2021-08-09 23:36:34'),
(153, 'Rogelio Wuckert', 47, 'Eaque provident aliquam molestias iusto numquam ex. Sed natus reiciendis ratione ab dolorem. Accusantium veritatis magni dolore amet iste provident error. Qui id aperiam accusantium qui.', 0, '2021-08-09 23:36:34', '2021-08-09 23:36:34'),
(154, 'Krystal Huel', 17, 'Reiciendis et et quo nam. Culpa maxime vel consectetur quidem iure cum eum vel. Modi nam vitae laudantium ut est cupiditate consequatur. Necessitatibus consequatur autem ex tempore vitae.', 5, '2021-08-09 23:36:34', '2021-08-09 23:36:34'),
(155, 'Noah Hodkiewicz', 44, 'Reprehenderit tempore possimus molestiae quibusdam amet porro. Est distinctio consectetur ullam nisi. Atque in quasi eveniet doloribus a.', 5, '2021-08-09 23:36:34', '2021-08-09 23:36:34'),
(156, 'Cole Bernier', 18, 'Aut sit quas explicabo. Temporibus eligendi aliquid assumenda alias illo sit. Sequi et labore eligendi ducimus qui sequi impedit.', 0, '2021-08-09 23:36:34', '2021-08-09 23:36:34'),
(157, 'Zoe Swift', 10, 'Quia ut earum quia. Iste harum exercitationem at hic quaerat. Aut laborum qui et saepe esse esse.', 4, '2021-08-09 23:36:34', '2021-08-09 23:36:34'),
(158, 'Sammie Fritsch', 44, 'Nisi quam eum necessitatibus quod soluta non. Laudantium est velit magni libero tempore maiores ducimus. Omnis molestiae dignissimos quae hic. Voluptas porro dolore sunt autem.', 3, '2021-08-09 23:36:35', '2021-08-09 23:36:35'),
(159, 'Ms. Lynn Krajcik', 38, 'Repellendus totam voluptatem ut ducimus. Minima quibusdam sit aut ullam sint sit. Voluptatem doloribus libero nobis.', 1, '2021-08-09 23:36:35', '2021-08-09 23:36:35'),
(160, 'Rachael Denesik Sr.', 8, 'Dolorem rem dolores perspiciatis magni quis repellat. Eum est deleniti sint saepe et unde. Porro id beatae consequatur est dolorum.', 4, '2021-08-09 23:36:35', '2021-08-09 23:36:35'),
(161, 'Anne Hessel', 26, 'Et velit et ab. Explicabo deleniti voluptates omnis mollitia nesciunt dolorem non. Distinctio recusandae labore doloremque voluptatem vitae facilis beatae.', 2, '2021-08-09 23:36:35', '2021-08-09 23:36:35'),
(162, 'Earnestine Treutel', 5, 'Consectetur necessitatibus aut aut. Voluptatem non quidem provident expedita sit. Ipsum magnam assumenda nostrum magni quia.', 4, '2021-08-09 23:36:35', '2021-08-09 23:36:35'),
(163, 'Prof. Wilbert Bernhard MD', 46, 'Amet et animi ad doloribus. Vel nihil qui saepe. Est minima nemo minus in laboriosam porro ea.', 1, '2021-08-09 23:36:35', '2021-08-09 23:36:35'),
(164, 'Tremaine Simonis PhD', 16, 'Sunt nihil minus facere omnis libero itaque velit aliquam. Iste consequatur quasi dolores reiciendis commodi. Nulla sunt delectus eum maxime.', 3, '2021-08-09 23:36:35', '2021-08-09 23:36:35'),
(165, 'Prof. Julius Erdman', 42, 'Doloremque praesentium fugiat quae. Et dolorem eaque unde. Odio quasi qui voluptatem magni. Quam sunt ex reiciendis magnam culpa in.', 3, '2021-08-09 23:36:35', '2021-08-09 23:36:35'),
(166, 'Prof. Richard O\'Hara MD', 11, 'Quasi ab et eveniet. Culpa voluptatem hic ut in eaque deleniti. Aperiam minus nemo autem voluptas. Voluptas natus molestiae laborum tempore.', 3, '2021-08-09 23:36:35', '2021-08-09 23:36:35'),
(167, 'Ferne Kuhlman', 30, 'Fugit ut deleniti recusandae nesciunt labore omnis ipsam. Et ipsa pariatur enim itaque eos ea. Sapiente minima reprehenderit harum rerum. Illum architecto quos mollitia.', 1, '2021-08-09 23:36:35', '2021-08-09 23:36:35'),
(168, 'Carissa Franecki', 16, 'Illum necessitatibus possimus odit ipsam. Voluptatem cum voluptatum temporibus similique itaque sint omnis. Tempore qui vel voluptatem repellendus et minus.', 2, '2021-08-09 23:36:35', '2021-08-09 23:36:35'),
(169, 'Sigrid Wolff PhD', 38, 'Aliquam aliquam odit rem sunt voluptas voluptas. Et optio assumenda totam explicabo voluptatem exercitationem. Non officiis animi in ipsam quaerat excepturi cum.', 2, '2021-08-09 23:36:35', '2021-08-09 23:36:35'),
(170, 'Dr. Neha Rogahn III', 44, 'Quae quia veniam ipsam. Voluptatem quod exercitationem repellat placeat. Quis et eveniet voluptatum similique consequatur nihil. Qui eum rerum rerum qui ullam qui quod.', 5, '2021-08-09 23:36:35', '2021-08-09 23:36:35'),
(171, 'Lillie Tillman', 3, 'Non voluptas aut facilis dolor odit id. Voluptate non sed odit omnis eum. Rerum ut fuga tenetur quo reiciendis. Natus aliquam iste aliquam aut soluta tenetur.', 1, '2021-08-09 23:36:35', '2021-08-09 23:36:35'),
(172, 'Austen Sawayn I', 33, 'Accusantium asperiores esse nam optio et distinctio veniam. Maxime ex quisquam odit voluptatem quae autem laborum. Rerum consequatur minima atque cum sit dignissimos.', 4, '2021-08-09 23:36:35', '2021-08-09 23:36:35'),
(173, 'Miss Mertie Williamson DVM', 4, 'Quidem ad qui earum corrupti temporibus quae. In quo magnam quas eum voluptatem ipsum enim. Numquam rem et blanditiis adipisci et in alias. Non provident quis ex ipsam.', 5, '2021-08-09 23:36:35', '2021-08-09 23:36:35'),
(174, 'Onie Kuvalis', 24, 'Fuga consequatur quidem sint ab quaerat vitae quod. Sequi optio aliquam voluptatem consequatur. Sunt ipsum illo eos. Ex quo maxime ut dolorem odio. Omnis non iure harum et porro placeat perferendis.', 4, '2021-08-09 23:36:35', '2021-08-09 23:36:35'),
(175, 'Jakayla Kuhic', 4, 'Autem molestiae maxime nam aut harum non aut. Nemo rerum qui natus explicabo quas ea. Ea perferendis asperiores qui velit saepe. Et reiciendis sed cum aut nam aspernatur.', 3, '2021-08-09 23:36:35', '2021-08-09 23:36:35'),
(176, 'Aurore Lubowitz', 49, 'Alias in rerum ipsam hic ab sapiente incidunt. Ea accusantium delectus provident veniam aut.', 0, '2021-08-09 23:36:35', '2021-08-09 23:36:35'),
(177, 'Anais Tillman', 31, 'Cupiditate distinctio ratione illum. Libero amet facere harum veritatis. Aliquid ullam et consequatur quia quis totam.', 2, '2021-08-09 23:36:35', '2021-08-09 23:36:35'),
(178, 'Coty Runte', 10, 'Amet quibusdam velit voluptas laboriosam dolores inventore. Non optio et illum aspernatur qui. Error reiciendis animi odio est. Doloribus sed quia nam sunt nisi quas ea.', 3, '2021-08-09 23:36:35', '2021-08-09 23:36:35'),
(179, 'Ada Walsh', 6, 'Molestiae exercitationem totam voluptas quaerat ut doloremque in amet. Omnis a est ut harum eaque ea numquam. Excepturi aperiam et perspiciatis ut pariatur dignissimos maxime.', 0, '2021-08-09 23:36:35', '2021-08-09 23:36:35'),
(180, 'Mr. Sebastian VonRueden IV', 48, 'Explicabo laboriosam velit consequuntur hic reiciendis amet. Itaque dolorem nam nisi laborum. Et odio aut reprehenderit minus. Itaque atque ad optio fugiat fuga delectus eos quaerat.', 5, '2021-08-09 23:36:36', '2021-08-09 23:36:36'),
(181, 'Janie Monahan', 21, 'Nemo expedita maxime praesentium iusto itaque. Atque repellat qui necessitatibus adipisci quos ex cupiditate. Nemo nobis dolorem id mollitia quos. Facere quia accusamus animi est et commodi.', 3, '2021-08-09 23:36:36', '2021-08-09 23:36:36'),
(182, 'Dayton Lowe Sr.', 10, 'Cumque corrupti quos vel reprehenderit beatae a. Nostrum fugiat corporis velit recusandae. Eum nihil alias id est dolorem dolores aut.', 3, '2021-08-09 23:36:36', '2021-08-09 23:36:36'),
(183, 'Carmine Spencer', 38, 'Et officiis id qui laudantium labore. Culpa reprehenderit autem sed nihil. Quasi repellendus nihil fugiat. Est voluptatum nobis dicta quia sunt.', 5, '2021-08-09 23:36:36', '2021-08-09 23:36:36'),
(184, 'Prof. Emilio Gulgowski', 8, 'Velit odit et omnis quo repellat quo omnis. Alias repellendus dolor aspernatur omnis. Laborum maiores sint et libero repellendus ab.', 5, '2021-08-09 23:36:36', '2021-08-09 23:36:36'),
(185, 'Olaf Brown', 27, 'Totam officiis consequuntur dolor sint velit corrupti vero dolores. Sequi ea voluptatem eius autem deserunt in aut esse. Maxime quo maxime harum totam similique consequatur.', 1, '2021-08-09 23:36:36', '2021-08-09 23:36:36'),
(186, 'Jack Pfannerstill', 8, 'Asperiores necessitatibus ut modi labore ad facere iste. Omnis cumque dolore quia quia repellendus dolorem. Corrupti quasi et voluptates laborum asperiores voluptate eaque.', 5, '2021-08-09 23:36:36', '2021-08-09 23:36:36'),
(187, 'Mollie Hickle', 11, 'Repellendus officiis qui quam architecto id. Reiciendis iure voluptatem ea omnis in eveniet deserunt. Sint nesciunt dolores fugit nulla aut magni quasi.', 4, '2021-08-09 23:36:36', '2021-08-09 23:36:36'),
(188, 'Jimmy Nader', 28, 'Dolor enim a eaque nobis fugiat similique aut. Nobis odio non totam ex dicta. Dolorum ullam et earum corporis. Commodi corporis odio in quae qui maxime et sunt.', 4, '2021-08-09 23:36:36', '2021-08-09 23:36:36'),
(189, 'Ilene Bechtelar', 7, 'A libero ut eligendi delectus nihil natus nam. Laudantium temporibus aliquid vel aperiam commodi voluptas quae. Placeat quam est cum et doloremque. Excepturi id optio sit perferendis aperiam dicta.', 2, '2021-08-09 23:36:36', '2021-08-09 23:36:36'),
(190, 'Dr. Alayna D\'Amore', 50, 'Ut voluptas aut et tempore accusantium. Consequatur quis amet et quaerat. Fuga doloremque tenetur et excepturi omnis dolores ratione. Distinctio et aperiam quia molestias.', 4, '2021-08-09 23:36:36', '2021-08-09 23:36:36'),
(191, 'Dr. Mark Vandervort Sr.', 31, 'Aliquid aut sit similique non modi omnis iste. Incidunt non aut natus fuga et. Aut est iure vel omnis et reiciendis perspiciatis.', 1, '2021-08-09 23:36:36', '2021-08-09 23:36:36'),
(192, 'Elton Gibson', 2, 'Neque et laborum iusto impedit. Et qui tenetur aliquid magni ipsum est. Alias necessitatibus id voluptate sequi veniam iusto.', 0, '2021-08-09 23:36:36', '2021-08-09 23:36:36'),
(193, 'Eliza Krajcik', 16, 'Et non est et aut occaecati consectetur et. Harum ut commodi impedit itaque. Odio doloremque iusto rem voluptate doloremque minima dolorum. Nesciunt et odio porro vel alias consequuntur.', 3, '2021-08-09 23:36:36', '2021-08-09 23:36:36'),
(194, 'Nash Tillman', 26, 'Non iure perferendis sed autem dicta aut. Voluptatem nam ipsum quo omnis ad in. Non velit quibusdam aliquid.', 4, '2021-08-09 23:36:36', '2021-08-09 23:36:36'),
(195, 'Prof. Brenna Mante Jr.', 30, 'Numquam vitae non aspernatur dolore autem ea dolores. Debitis veritatis eum quidem inventore nam dolorem. Facere veritatis reiciendis in eos voluptas ullam sed architecto.', 2, '2021-08-09 23:36:36', '2021-08-09 23:36:36'),
(196, 'Serena Feil', 23, 'Molestias tempora blanditiis provident tenetur. Doloremque quibusdam sequi aut optio hic.', 4, '2021-08-09 23:36:36', '2021-08-09 23:36:36'),
(197, 'Lori McClure', 23, 'Quo minima quia quidem ut. Occaecati cum autem impedit. Voluptatibus quia sint eligendi voluptatem iste sint praesentium. Nostrum eum aut unde rerum consequatur.', 5, '2021-08-09 23:36:36', '2021-08-09 23:36:36'),
(198, 'Rozella Ziemann IV', 47, 'Alias asperiores necessitatibus eum consequatur commodi doloremque distinctio. Dolore sit atque numquam tenetur et. Doloribus necessitatibus id ut veniam alias.', 0, '2021-08-09 23:36:37', '2021-08-09 23:36:37'),
(199, 'Nichole Dicki', 14, 'Aut id rerum nobis. Dolorum repellat ut quas id quaerat rerum.', 1, '2021-08-09 23:36:37', '2021-08-09 23:36:37'),
(200, 'Mr. Cale Gislason PhD', 29, 'Quis voluptas ab quaerat et libero rerum. Sit soluta qui neque aspernatur possimus maiores sit. Aut inventore in quo id placeat.', 4, '2021-08-09 23:36:37', '2021-08-09 23:36:37'),
(201, 'Hortense Lang', 3, 'Aut iure libero et quis ut praesentium in. Est modi aut repellendus eos numquam omnis quia dignissimos. Totam nulla ut consectetur quis. Qui quae est quia provident.', 2, '2021-08-09 23:36:37', '2021-08-09 23:36:37'),
(202, 'Kelton Cruickshank', 27, 'Id veniam exercitationem molestiae animi maxime et voluptatem aliquid. Quod provident labore officiis voluptatem quisquam corrupti. Nesciunt possimus sunt voluptates sit recusandae rerum.', 4, '2021-08-09 23:36:37', '2021-08-09 23:36:37'),
(203, 'Dr. Jeffery Bashirian MD', 26, 'Sunt consequatur ut voluptate quia amet nihil. Expedita aspernatur nihil iste qui eligendi et. Distinctio placeat rem placeat molestiae et laborum at voluptates.', 2, '2021-08-09 23:36:37', '2021-08-09 23:36:37'),
(204, 'Ocie Dietrich', 46, 'Laboriosam eos tenetur vero rem consequuntur quisquam ut voluptatem. Assumenda asperiores tempora hic tenetur.', 0, '2021-08-09 23:36:37', '2021-08-09 23:36:37'),
(205, 'Mr. Emmanuel Batz V', 5, 'Distinctio ullam est suscipit ut. Aliquid similique aut autem voluptates.', 1, '2021-08-09 23:36:37', '2021-08-09 23:36:37'),
(206, 'Eloisa Rosenbaum DDS', 34, 'Beatae nisi cumque maiores et vero inventore et. Sit reiciendis quasi consequuntur. Voluptatem excepturi et adipisci esse. Qui minima occaecati tenetur facere.', 1, '2021-08-09 23:36:37', '2021-08-09 23:36:37'),
(207, 'Nayeli Farrell', 6, 'Reprehenderit dolorum quibusdam dolor labore ab sit sunt. Quia quia ut illum sint vel ut. Fugit non natus quaerat sint corporis officiis fuga et.', 4, '2021-08-09 23:36:37', '2021-08-09 23:36:37'),
(208, 'Prof. Jaeden Trantow I', 25, 'Mollitia iste aut omnis qui earum dolor occaecati. Velit numquam debitis dolorum ut. Repudiandae illo sapiente ipsum hic eveniet non commodi. Fuga quisquam perspiciatis ut impedit.', 3, '2021-08-09 23:36:37', '2021-08-09 23:36:37'),
(209, 'Prof. Hillary Schneider Sr.', 10, 'Reprehenderit assumenda quo ut rerum consequatur. Dolores enim voluptatibus est debitis officia est et. Incidunt adipisci accusantium et quia laudantium est pariatur voluptas.', 2, '2021-08-09 23:36:37', '2021-08-09 23:36:37'),
(210, 'Mallie McDermott', 23, 'Fugit sit perferendis aliquam amet officia. Ducimus nihil voluptatem quis sit.', 3, '2021-08-09 23:36:37', '2021-08-09 23:36:37'),
(211, 'Alfredo Champlin DDS', 34, 'Nemo corrupti quia a ratione ex. Porro fugit pariatur accusantium vel placeat.', 4, '2021-08-09 23:36:37', '2021-08-09 23:36:37'),
(212, 'Matt Ziemann', 1, 'Excepturi aperiam debitis sed est provident omnis et. Architecto et qui necessitatibus odio autem. Iure aliquid eos quo repellendus.', 1, '2021-08-09 23:36:37', '2021-08-09 23:36:37'),
(213, 'Mr. Jo Schneider', 3, 'Perferendis voluptatem qui ullam autem nobis. Quae aut harum in dolorem aliquid esse repellat. Debitis provident et eveniet. Nemo consequatur facilis quis. Qui aut aut magni est sed possimus.', 3, '2021-08-09 23:36:37', '2021-08-09 23:36:37'),
(214, 'Dr. Tessie Haley', 11, 'Repudiandae facere necessitatibus saepe voluptatem. Atque totam quae dolore expedita ab dignissimos. Ut dicta possimus veniam qui fuga facere voluptatum voluptate.', 2, '2021-08-09 23:36:37', '2021-08-09 23:36:37'),
(215, 'Kathleen Hirthe', 47, 'Officiis et ipsum aut reprehenderit consequuntur. Pariatur tenetur animi illo aliquid nulla. Temporibus corrupti nobis voluptatibus.', 5, '2021-08-09 23:36:37', '2021-08-09 23:36:37'),
(216, 'Gladys Krajcik', 48, 'Quidem ratione fugit qui est sit eligendi qui. Voluptatem nihil velit ab voluptatem omnis aut earum fugit. Quis vel omnis ut et sed. Autem vero aut beatae sunt rem facere ut.', 0, '2021-08-09 23:36:37', '2021-08-09 23:36:37'),
(217, 'Ms. Beverly Hagenes DDS', 2, 'Aut eum et doloribus culpa cumque est. Placeat alias nam dolore. Doloribus velit sit impedit unde quia et. Sint beatae et sed sed.', 3, '2021-08-09 23:36:37', '2021-08-09 23:36:37');
INSERT INTO `reviews` (`id`, `customer`, `product_id`, `review`, `star`, `created_at`, `updated_at`) VALUES
(218, 'Naomi Gutkowski', 15, 'Quia officia voluptatem debitis asperiores amet. Ut dolorem voluptas temporibus odio. Hic accusantium nisi facilis aliquid tempore possimus nihil. Natus aut voluptas officia aut aliquid.', 4, '2021-08-09 23:36:38', '2021-08-09 23:36:38'),
(219, 'Juliana Zieme', 19, 'Sunt nostrum dolorum eius ab. Iusto porro eius voluptatibus iusto et laboriosam dolore. Corrupti maxime voluptatem est dignissimos distinctio dolores.', 0, '2021-08-09 23:36:38', '2021-08-09 23:36:38'),
(220, 'Cathy Hermiston', 49, 'Ea inventore fugit enim quo optio esse ut. Velit est ut odio aliquid et. Id voluptatem officiis fuga quas aliquid sunt eveniet.', 4, '2021-08-09 23:36:38', '2021-08-09 23:36:38'),
(221, 'Kari Walter', 36, 'Debitis suscipit qui porro quia suscipit nihil. Impedit libero provident enim quaerat omnis. Est velit laboriosam dolor quod doloribus. Facere tempore atque blanditiis qui.', 3, '2021-08-09 23:36:38', '2021-08-09 23:36:38'),
(222, 'Elissa Rippin', 33, 'Omnis veniam a porro perferendis. Dolorum repudiandae enim voluptatum earum ut. Omnis et tempore necessitatibus. Quo eum est eum et enim voluptatibus esse asperiores.', 1, '2021-08-09 23:36:38', '2021-08-09 23:36:38'),
(223, 'Zoila Fadel', 5, 'Cumque neque eum in optio ea doloribus. Error et maiores a neque odio. Sit aperiam qui vero reprehenderit. Cum distinctio fuga sit et quidem.', 1, '2021-08-09 23:36:38', '2021-08-09 23:36:38'),
(224, 'Stephania Hill', 26, 'Voluptatem cupiditate odit dolor explicabo. Ad corporis et consequatur rerum est sed nemo occaecati. Provident modi cum atque exercitationem. Quia sed quaerat minima inventore quia.', 0, '2021-08-09 23:36:38', '2021-08-09 23:36:38'),
(225, 'Mohammad O\'Kon', 13, 'Soluta et quia odit odio ratione consequatur. Numquam et architecto quia consequatur. Saepe dignissimos commodi dicta in. Quae fugit repellendus alias qui.', 0, '2021-08-09 23:36:38', '2021-08-09 23:36:38'),
(226, 'Alvis Bernhard', 38, 'Minima dolorem temporibus blanditiis soluta quod. Quaerat accusamus esse et qui velit asperiores ipsa. At quidem animi et dolorem tenetur minima reprehenderit perferendis.', 5, '2021-08-09 23:36:38', '2021-08-09 23:36:38'),
(227, 'Richie Bailey', 2, 'Animi assumenda iusto natus ducimus qui reprehenderit voluptate voluptas. Aspernatur fugit cupiditate aut totam explicabo nobis perferendis. Id sit eveniet animi.', 2, '2021-08-09 23:36:38', '2021-08-09 23:36:38'),
(228, 'Prof. Doris Nienow', 44, 'Natus recusandae veritatis nemo illum. Libero dolores saepe sapiente perspiciatis repellendus cumque. Est ea et inventore rerum a quis rerum.', 0, '2021-08-09 23:36:38', '2021-08-09 23:36:38'),
(229, 'Edward Bednar', 15, 'Est qui facere quasi aut quas. Ipsa distinctio magni rem occaecati veritatis qui aspernatur. Omnis assumenda optio repudiandae ab molestiae nesciunt.', 0, '2021-08-09 23:36:38', '2021-08-09 23:36:38'),
(230, 'Dr. Forrest Bogan', 40, 'Ea odio et incidunt esse vel rerum suscipit. Quis vero vel magni reiciendis. Hic fugiat ut sit sed. Et sit consequatur ullam voluptatem.', 1, '2021-08-09 23:36:38', '2021-08-09 23:36:38'),
(231, 'Sarah Schuppe I', 8, 'Sit qui asperiores dolores aspernatur distinctio quia at. Suscipit ut molestiae qui dolorem.', 1, '2021-08-09 23:36:38', '2021-08-09 23:36:38'),
(232, 'Macie Jakubowski', 17, 'Quia expedita vel deleniti sunt est. Quo perferendis et placeat saepe alias. Accusantium illo enim at. Quae sed nisi nulla.', 1, '2021-08-09 23:36:38', '2021-08-09 23:36:38'),
(233, 'Ms. Yvonne Murray', 9, 'Beatae vero odio et officiis omnis minima. Inventore nisi amet eum non qui tempora.', 4, '2021-08-09 23:36:38', '2021-08-09 23:36:38'),
(234, 'Toy Stamm', 47, 'Quidem quia qui aperiam cumque. Aut laboriosam et et sit sed. Nesciunt corrupti ducimus aperiam. Tempore perferendis et maiores recusandae excepturi ea excepturi.', 5, '2021-08-09 23:36:38', '2021-08-09 23:36:38'),
(235, 'Tyree Jacobs MD', 5, 'Sapiente voluptatum cumque quam placeat aperiam error et. Officiis ad qui sed recusandae. Doloribus harum expedita inventore consequatur et non.', 5, '2021-08-09 23:36:38', '2021-08-09 23:36:38'),
(236, 'Terence Tromp V', 32, 'Minima ullam ab pariatur quo. Laudantium dolorum nisi totam. Qui minus hic architecto magni aut.', 2, '2021-08-09 23:36:38', '2021-08-09 23:36:38'),
(237, 'Nigel Mohr', 48, 'Sit rem dolorum nostrum eaque quaerat tempora quisquam optio. Nemo cumque cumque molestiae. Quis saepe itaque unde aliquid hic labore nesciunt. Et dolor incidunt in eos est consequuntur architecto.', 1, '2021-08-09 23:36:38', '2021-08-09 23:36:38'),
(238, 'Marilou Kuhlman', 40, 'Dignissimos culpa est commodi omnis non iste sapiente. Itaque quia fugit enim molestias. Quas officiis illum et. Vel doloremque omnis dolorum vero dolores aliquam reiciendis nemo.', 3, '2021-08-09 23:36:38', '2021-08-09 23:36:38'),
(239, 'Marisa Halvorson', 9, 'Tenetur quia eos officia excepturi quibusdam non. Velit voluptas ea vitae. Maiores possimus tempora praesentium ut iusto. Dolore aut neque consequatur eum nisi dolorem.', 5, '2021-08-09 23:36:38', '2021-08-09 23:36:38'),
(240, 'Olga Brekke', 22, 'Dicta sunt facilis eum. Quas porro qui atque quia quo. Ullam sunt eius modi quis cum.', 5, '2021-08-09 23:36:38', '2021-08-09 23:36:38'),
(241, 'Allie Hoeger', 31, 'Autem labore voluptates non magnam nihil ad. Qui et vero impedit tempore quasi. Ullam est facilis voluptates ad. Voluptas dolor illum rerum. Id nihil ad laboriosam eligendi.', 2, '2021-08-09 23:36:38', '2021-08-09 23:36:38'),
(242, 'Gennaro Will', 41, 'Et aut iusto suscipit natus est. Reprehenderit similique nulla consequatur. Quo eligendi beatae et et architecto quas minima. Et ea animi at.', 1, '2021-08-09 23:36:38', '2021-08-09 23:36:38'),
(243, 'Leila Nicolas', 9, 'Repellat sint atque sed necessitatibus provident voluptas. Dolores nam qui corporis non vel enim eaque. Quia quidem qui voluptatibus ad exercitationem in.', 4, '2021-08-09 23:36:39', '2021-08-09 23:36:39'),
(244, 'Geraldine Gusikowski', 24, 'Excepturi illo qui placeat ipsa. Sed enim quia beatae. Blanditiis iusto ea accusantium enim iusto ex molestiae. Sequi dolorum quia possimus illum labore quia. Maiores velit velit quia.', 3, '2021-08-09 23:36:39', '2021-08-09 23:36:39'),
(245, 'Eino Weissnat', 44, 'Quia consequuntur omnis cum fugiat alias deleniti. Ut tempore odit et aliquam et dignissimos et. Eos recusandae provident amet nihil fugiat culpa. Iste corrupti aliquam non ab ut iure.', 1, '2021-08-09 23:36:39', '2021-08-09 23:36:39'),
(246, 'Kristian Kovacek', 44, 'Magni fuga provident aut sit ea sed. Dicta esse ad minus sequi ea et est. Aut cum sed qui eum.', 2, '2021-08-09 23:36:39', '2021-08-09 23:36:39'),
(247, 'Mariane Kuhn', 40, 'Et nobis rerum dolores ut esse. Nihil quisquam repudiandae quia officia. Ut beatae sequi possimus labore officiis.', 5, '2021-08-09 23:36:39', '2021-08-09 23:36:39'),
(248, 'Prof. Megane Ondricka PhD', 16, 'Ab suscipit maiores quia. Voluptate omnis hic dolor deleniti explicabo iure. Aut repellendus dolores aut aliquid non pariatur odit.', 5, '2021-08-09 23:36:39', '2021-08-09 23:36:39'),
(249, 'Larissa Hand', 9, 'Amet veritatis assumenda nihil quae excepturi voluptatum id dolorem. Quia et qui quo non. Qui odit est tenetur quam officia. At sit voluptatem et.', 4, '2021-08-09 23:36:39', '2021-08-09 23:36:39'),
(250, 'Veda Hand', 45, 'Velit nulla ut voluptas facere ullam similique. Aperiam eius dignissimos dolor officia vel ea nemo. Porro facere magnam reprehenderit ab est facilis.', 0, '2021-08-09 23:36:39', '2021-08-09 23:36:39'),
(251, 'Oscar Adams', 49, 'Voluptatibus quae illum debitis hic. Iste deleniti eum enim aut. Perspiciatis iusto ut dicta nam dignissimos. Dolorem aspernatur consequuntur quae molestiae nobis autem quia architecto.', 1, '2021-08-09 23:36:39', '2021-08-09 23:36:39'),
(252, 'Mr. Chaim Toy', 10, 'Eum et adipisci cum error assumenda ex. Eos laboriosam eum atque et est. In ratione doloribus illo eum vitae cumque. Vitae necessitatibus id aspernatur debitis.', 0, '2021-08-09 23:36:39', '2021-08-09 23:36:39'),
(253, 'Layla Volkman', 3, 'Minus rerum commodi sunt error qui voluptates consequatur consequuntur. Debitis possimus blanditiis consequatur nam fugiat aperiam. Autem expedita in earum numquam aliquid.', 5, '2021-08-09 23:36:39', '2021-08-09 23:36:39'),
(254, 'Darwin Wolff III', 32, 'Perspiciatis asperiores saepe nulla vel est sunt. Voluptatum iure quaerat excepturi corporis modi quasi nihil. Deleniti atque rerum voluptatem et veritatis voluptas quod.', 0, '2021-08-09 23:36:39', '2021-08-09 23:36:39'),
(255, 'Manuela Bartell', 3, 'Ea ut consequatur qui est sed repudiandae. Praesentium veritatis atque quis atque necessitatibus ipsum pariatur.', 3, '2021-08-09 23:36:39', '2021-08-09 23:36:39'),
(256, 'Kavon Sipes', 16, 'A consequatur et est. Id voluptas dolorem dolorum autem. Sit qui et veniam dolorem.', 5, '2021-08-09 23:36:39', '2021-08-09 23:36:39'),
(257, 'Dr. Beau Sipes DVM', 22, 'Repellendus odit architecto repudiandae et hic ratione. Asperiores expedita aperiam laborum minima sit. Perferendis quo dolores error ut nesciunt dolore ea.', 1, '2021-08-09 23:36:39', '2021-08-09 23:36:39'),
(258, 'Ms. Edwina Mosciski PhD', 12, 'Voluptatem laboriosam consequatur doloribus. Aliquid repellat nostrum consequatur voluptatem dolores repudiandae. Alias et itaque tempore ipsam in. Quam aspernatur earum voluptas qui.', 1, '2021-08-09 23:36:39', '2021-08-09 23:36:39'),
(259, 'Daniella Homenick', 42, 'Harum est illum ea vero omnis. Ut natus hic reiciendis velit eum recusandae. Nihil saepe nobis est dolorum omnis qui quidem.', 0, '2021-08-09 23:36:39', '2021-08-09 23:36:39'),
(260, 'Nathen Mann', 26, 'Repudiandae et et error. Error quod ullam odit voluptas quod quos et neque. Blanditiis sed molestiae id et. Consequatur voluptatum minus ad aut et aut in.', 0, '2021-08-09 23:36:39', '2021-08-09 23:36:39'),
(261, 'Prof. Nicolas Lehner V', 50, 'Ut ducimus aut id illo totam commodi. Temporibus numquam sapiente numquam quo distinctio sed. Possimus odit aut quas.', 1, '2021-08-09 23:36:39', '2021-08-09 23:36:39'),
(262, 'Raleigh Stiedemann', 25, 'Eius fuga adipisci molestiae dolor. Ut corporis quo ut accusamus vel. Iure vel nulla expedita aut quis et quia. Ab minima voluptas esse nihil.', 4, '2021-08-09 23:36:39', '2021-08-09 23:36:39'),
(263, 'Mr. Luis Wuckert IV', 23, 'Labore aperiam voluptatem ut autem nobis laborum corrupti. Nulla et modi expedita corporis ratione exercitationem voluptas. Dolorem aut iste ut iusto necessitatibus in.', 0, '2021-08-09 23:36:40', '2021-08-09 23:36:40'),
(264, 'Lindsay Williamson', 40, 'Molestiae est ad voluptatem natus quia. Aliquam hic quas velit ducimus nisi ut exercitationem. Eaque nostrum voluptates deserunt dolorem culpa. Illo et delectus sed ut quos iste hic.', 4, '2021-08-09 23:36:40', '2021-08-09 23:36:40'),
(265, 'Carmel Bashirian', 32, 'Corporis odio non velit aut voluptatem distinctio. Doloremque nihil sit temporibus. Iste quam animi dolores tenetur deserunt sit distinctio.', 5, '2021-08-09 23:36:40', '2021-08-09 23:36:40'),
(266, 'Prof. Oleta Daniel III', 38, 'Nulla atque fuga distinctio labore molestias in. Laboriosam quasi ea qui fuga aut voluptates. Quia aut vitae mollitia. Ea officia voluptate similique explicabo. Et in quibusdam aut.', 1, '2021-08-09 23:36:40', '2021-08-09 23:36:40'),
(267, 'Sherman Bins', 45, 'Laudantium dolorem voluptas qui voluptas perferendis ea a. Eos fugit officiis iste dolorem dicta ut. Similique at repudiandae qui totam dolor.', 4, '2021-08-09 23:36:40', '2021-08-09 23:36:40'),
(268, 'Joanie Torp PhD', 9, 'Amet voluptas ut facere voluptate nobis eos delectus. Qui ipsam dolores voluptas nostrum aut. Sit ratione animi reiciendis dolorem ratione corrupti omnis. Odit repellat amet totam eius.', 1, '2021-08-09 23:36:40', '2021-08-09 23:36:40'),
(269, 'Annette Jenkins', 10, 'Ut maiores quo delectus et ab cupiditate. Iusto quia nisi veritatis. Et officiis dolorem minus alias. Nobis placeat et dolor libero velit.', 4, '2021-08-09 23:36:40', '2021-08-09 23:36:40'),
(270, 'Davonte Schneider', 24, 'Perspiciatis necessitatibus quas est dolorem harum sint omnis corrupti. Veritatis impedit cum nam voluptates illo. Et voluptatum mollitia est dolorem enim recusandae.', 2, '2021-08-09 23:36:40', '2021-08-09 23:36:40'),
(271, 'Dr. Kellie Jacobs V', 36, 'Ex quo amet est deserunt laudantium reprehenderit dicta et. Sed qui ratione repellendus atque laborum dolorum.', 1, '2021-08-09 23:36:40', '2021-08-09 23:36:40'),
(272, 'Mr. Webster Johns', 11, 'Provident aliquam libero eveniet ab. Adipisci voluptatem eos non maxime harum. Necessitatibus dolorum fuga id et.', 2, '2021-08-09 23:36:40', '2021-08-09 23:36:40'),
(273, 'Ryann Konopelski IV', 45, 'Quia voluptatem suscipit vero eligendi suscipit vero. Enim vel pariatur molestiae quaerat. Enim dignissimos qui aut qui dolorum.', 1, '2021-08-09 23:36:40', '2021-08-09 23:36:40'),
(274, 'Jolie Blanda', 41, 'Alias placeat non nobis rem rerum voluptatibus. Aut quaerat adipisci omnis. Voluptatem porro error dolor.', 0, '2021-08-09 23:36:40', '2021-08-09 23:36:40'),
(275, 'Mr. Henderson Anderson', 22, 'Sint quidem architecto voluptatibus et alias. Et quo impedit quos libero autem. Distinctio quae voluptates quis voluptatibus asperiores explicabo ab. Quaerat aut aut facere commodi omnis ipsum culpa.', 2, '2021-08-09 23:36:40', '2021-08-09 23:36:40'),
(276, 'Marielle Upton', 33, 'At distinctio dolor repellat. Iste dolorem fuga tenetur deleniti ad voluptas officiis. Unde tempora laboriosam voluptatibus ea placeat nihil repellendus. Neque suscipit qui sit consequatur ex.', 0, '2021-08-09 23:36:40', '2021-08-09 23:36:40'),
(277, 'Laverne Berge DVM', 2, 'Molestiae illum amet et blanditiis odio libero est. Et repellendus in blanditiis est cum. Vero id rerum quis veritatis aut.', 5, '2021-08-09 23:36:40', '2021-08-09 23:36:40'),
(278, 'Reid Goldner', 8, 'Aut consectetur rerum totam maxime aliquam. Iste id est ut in consequatur. Ut est ut quod voluptas et tenetur libero velit.', 5, '2021-08-09 23:36:40', '2021-08-09 23:36:40'),
(279, 'Dr. Colten Schaden', 32, 'Quae velit iure hic. Ipsum minima aut error sunt sed. Quo ducimus ex quia placeat.', 0, '2021-08-09 23:36:40', '2021-08-09 23:36:40'),
(280, 'Ms. Laury Koch DDS', 39, 'Eum exercitationem nihil dolor aliquid est molestias labore. Ea in reiciendis minima saepe.', 5, '2021-08-09 23:36:40', '2021-08-09 23:36:40'),
(281, 'Francisca Bayer', 47, 'Voluptatibus fugit voluptatum quos. Modi sit est ad voluptates. Consequuntur odio et iusto eum rerum illo. Molestiae ut dignissimos sequi ipsa. Qui eos consequatur molestiae cum aut alias provident.', 1, '2021-08-09 23:36:40', '2021-08-09 23:36:40'),
(282, 'Adolphus Grady', 16, 'Cum delectus excepturi facilis dolorem odio. Voluptates maiores neque ut in neque. Non quo blanditiis ratione similique. Consequuntur deleniti voluptatem ut et quos explicabo nihil et.', 1, '2021-08-09 23:36:40', '2021-08-09 23:36:40'),
(283, 'Millie Mayert', 40, 'Debitis facere quasi odio saepe nostrum dicta. Iusto harum optio eos consequatur tenetur tenetur tempora. Rerum suscipit natus omnis rerum ut. Officia voluptatem voluptates recusandae est.', 2, '2021-08-09 23:36:41', '2021-08-09 23:36:41'),
(284, 'Evalyn Abbott', 3, 'Magni harum quia quo nam aliquam et quia. Vitae assumenda nisi atque. In dolorem facilis est animi perferendis. Non ut suscipit fuga voluptatem ut accusamus ex. Beatae fuga libero quasi id.', 3, '2021-08-09 23:36:41', '2021-08-09 23:36:41'),
(285, 'Cassandre Boyer', 42, 'Consequatur aspernatur consequatur doloribus quas ut optio cumque. Iusto officia cum non natus autem autem. Delectus sed odit sed consequatur vel quia.', 2, '2021-08-09 23:36:41', '2021-08-09 23:36:41'),
(286, 'Lila Kunde', 2, 'Repellat quos optio velit fugiat velit maiores omnis aliquam. Labore quisquam eveniet sint earum harum maxime. Possimus atque illo tempore et.', 0, '2021-08-09 23:36:41', '2021-08-09 23:36:41'),
(287, 'Stefan O\'Conner', 33, 'Aut esse nemo vel sequi inventore. Sint qui impedit odio voluptatem libero. Doloribus corporis dicta quibusdam quis molestias consequatur. Et ut praesentium est consequatur totam.', 3, '2021-08-09 23:36:41', '2021-08-09 23:36:41'),
(288, 'Zion Little', 10, 'Quia consequuntur laudantium placeat consectetur. Sed reprehenderit velit nobis reiciendis. Iusto perferendis occaecati est eaque sit recusandae non.', 0, '2021-08-09 23:36:41', '2021-08-09 23:36:41'),
(289, 'Jennyfer Deckow', 49, 'Veniam aliquam sunt quibusdam labore voluptatem. Temporibus minima nulla voluptatem nesciunt at. Ducimus impedit voluptas odit. Facilis sapiente perspiciatis voluptas illum dolorum iste.', 1, '2021-08-09 23:36:41', '2021-08-09 23:36:41'),
(290, 'Dulce Bayer', 15, 'Placeat molestiae animi et. Odio sed itaque sed. Quisquam error vel iusto et. Earum maiores consequuntur sapiente.', 1, '2021-08-09 23:36:41', '2021-08-09 23:36:41'),
(291, 'Hassan Schuppe', 25, 'Earum quos laborum molestiae ea culpa. Autem voluptate voluptate laudantium est provident ex velit. Illo sit quisquam sed voluptas doloribus libero ipsam. Pariatur harum unde commodi distinctio sunt.', 1, '2021-08-09 23:36:41', '2021-08-09 23:36:41'),
(292, 'Desmond White', 33, 'Porro modi voluptatibus tempore reprehenderit aut. Explicabo iusto aut eos dolorem aspernatur. Dolorem id veritatis harum nemo qui et.', 4, '2021-08-09 23:36:41', '2021-08-09 23:36:41'),
(293, 'Dr. Frida Russel IV', 37, 'Et in et et quam vel a debitis. Dolorum voluptates omnis iure asperiores voluptas.', 3, '2021-08-09 23:36:41', '2021-08-09 23:36:41'),
(294, 'Kariane Crona', 37, 'Beatae ex assumenda voluptatem facere perspiciatis fugiat similique. Voluptatem praesentium rerum fugit eum. Magni eum autem laborum et dolorem.', 2, '2021-08-09 23:36:41', '2021-08-09 23:36:41'),
(295, 'Roman McKenzie I', 24, 'Asperiores et incidunt sed enim est. Nam quisquam possimus et voluptatibus consequatur fuga in.', 0, '2021-08-09 23:36:41', '2021-08-09 23:36:41'),
(296, 'Juanita Steuber', 6, 'Repudiandae beatae rerum maxime iure maiores. Voluptatum unde voluptas ducimus consequatur. Architecto totam eligendi aliquam aliquid itaque quis placeat qui. Dolorum tempora officiis vel ut earum.', 3, '2021-08-09 23:36:41', '2021-08-09 23:36:41'),
(297, 'Prof. Enrique White', 10, 'Nostrum voluptas est iste quos aut et consectetur. Veniam sequi et ab. Quam quae nam rem expedita nihil numquam. Facilis rerum velit assumenda ex alias vel eos nam.', 3, '2021-08-09 23:36:41', '2021-08-09 23:36:41'),
(298, 'Gabriel Dibbert', 29, 'Hic omnis hic temporibus possimus autem fugiat quasi. Ab perspiciatis vel eum. Sunt vel ipsam illum quas omnis. Velit debitis sed dolore voluptas animi.', 2, '2021-08-09 23:36:41', '2021-08-09 23:36:41'),
(299, 'Rubie Smitham', 17, 'Non deserunt facere atque aspernatur tenetur quidem veritatis. Aspernatur deserunt aut aut sunt. Consequuntur est et totam quo voluptatem cupiditate et.', 1, '2021-08-09 23:36:41', '2021-08-09 23:36:41'),
(300, 'Polly Borer', 45, 'Delectus ipsam aliquid minima. Unde aut qui inventore. Aut eius quibusdam eum aperiam aut voluptate numquam. Sit ab blanditiis blanditiis qui dolorem sint.', 2, '2021-08-09 23:36:41', '2021-08-09 23:36:41');

-- --------------------------------------------------------

--
-- Table structure for table `users`
--

CREATE TABLE `users` (
  `id` bigint(20) UNSIGNED NOT NULL,
  `name` varchar(191) COLLATE utf8mb4_unicode_ci NOT NULL,
  `email` varchar(191) COLLATE utf8mb4_unicode_ci NOT NULL,
  `email_verified_at` timestamp NULL DEFAULT NULL,
  `password` varchar(191) COLLATE utf8mb4_unicode_ci NOT NULL,
  `remember_token` varchar(100) COLLATE utf8mb4_unicode_ci DEFAULT NULL,
  `created_at` timestamp NULL DEFAULT NULL,
  `updated_at` timestamp NULL DEFAULT NULL
) ENGINE=InnoDB DEFAULT CHARSET=utf8mb4 COLLATE=utf8mb4_unicode_ci;

--
-- Dumping data for table `users`
--

INSERT INTO `users` (`id`, `name`, `email`, `email_verified_at`, `password`, `remember_token`, `created_at`, `updated_at`) VALUES
(1, 'Kaitlyn Friesen', 'lrohan@example.com', '2021-08-09 23:36:24', '$2y$10$92IXUNpkjO0rOQ5byMi.Ye4oKoEa3Ro9llC/.og/at2.uheWG/igi', 'hLkNmZ8iKO', '2021-08-09 23:36:24', '2021-08-09 23:36:24'),
(2, 'Gaylord Heathcote', 'narciso98@example.net', '2021-08-09 23:36:24', '$2y$10$92IXUNpkjO0rOQ5byMi.Ye4oKoEa3Ro9llC/.og/at2.uheWG/igi', 'ZH01HUVV2E', '2021-08-09 23:36:24', '2021-08-09 23:36:24'),
(3, 'Ms. Aida Marks', 'christ.mante@example.org', '2021-08-09 23:36:24', '$2y$10$92IXUNpkjO0rOQ5byMi.Ye4oKoEa3Ro9llC/.og/at2.uheWG/igi', 'mGHKYy4lLo', '2021-08-09 23:36:24', '2021-08-09 23:36:24'),
(4, 'Alyson Ondricka', 'rosalyn.medhurst@example.org', '2021-08-09 23:36:24', '$2y$10$92IXUNpkjO0rOQ5byMi.Ye4oKoEa3Ro9llC/.og/at2.uheWG/igi', 'UN0spbSCbt', '2021-08-09 23:36:24', '2021-08-09 23:36:24'),
(5, 'Ophelia Hayes', 'josie.kub@example.net', '2021-08-09 23:36:24', '$2y$10$92IXUNpkjO0rOQ5byMi.Ye4oKoEa3Ro9llC/.og/at2.uheWG/igi', '5RlC62bl0B', '2021-08-09 23:36:24', '2021-08-09 23:36:24');

--
-- Indexes for dumped tables
--

--
-- Indexes for table `failed_jobs`
--
ALTER TABLE `failed_jobs`
  ADD PRIMARY KEY (`id`);

--
-- Indexes for table `migrations`
--
ALTER TABLE `migrations`
  ADD PRIMARY KEY (`id`);

--
-- Indexes for table `oauth_access_tokens`
--
ALTER TABLE `oauth_access_tokens`
  ADD PRIMARY KEY (`id`),
  ADD KEY `oauth_access_tokens_user_id_index` (`user_id`);

--
-- Indexes for table `oauth_auth_codes`
--
ALTER TABLE `oauth_auth_codes`
  ADD PRIMARY KEY (`id`),
  ADD KEY `oauth_auth_codes_user_id_index` (`user_id`);

--
-- Indexes for table `oauth_clients`
--
ALTER TABLE `oauth_clients`
  ADD PRIMARY KEY (`id`),
  ADD KEY `oauth_clients_user_id_index` (`user_id`);

--
-- Indexes for table `oauth_personal_access_clients`
--
ALTER TABLE `oauth_personal_access_clients`
  ADD PRIMARY KEY (`id`);

--
-- Indexes for table `oauth_refresh_tokens`
--
ALTER TABLE `oauth_refresh_tokens`
  ADD PRIMARY KEY (`id`),
  ADD KEY `oauth_refresh_tokens_access_token_id_index` (`access_token_id`);

--
-- Indexes for table `password_resets`
--
ALTER TABLE `password_resets`
  ADD KEY `password_resets_email_index` (`email`);

--
-- Indexes for table `products`
--
ALTER TABLE `products`
  ADD PRIMARY KEY (`id`),
  ADD KEY `products_user_id_index` (`user_id`);

--
-- Indexes for table `reviews`
--
ALTER TABLE `reviews`
  ADD PRIMARY KEY (`id`),
  ADD KEY `reviews_product_id_index` (`product_id`);

--
-- Indexes for table `users`
--
ALTER TABLE `users`
  ADD PRIMARY KEY (`id`),
  ADD UNIQUE KEY `users_email_unique` (`email`);

--
-- AUTO_INCREMENT for dumped tables
--

--
-- AUTO_INCREMENT for table `failed_jobs`
--
ALTER TABLE `failed_jobs`
  MODIFY `id` bigint(20) UNSIGNED NOT NULL AUTO_INCREMENT;

--
-- AUTO_INCREMENT for table `migrations`
--
ALTER TABLE `migrations`
  MODIFY `id` int(10) UNSIGNED NOT NULL AUTO_INCREMENT, AUTO_INCREMENT=81;

--
-- AUTO_INCREMENT for table `oauth_clients`
--
ALTER TABLE `oauth_clients`
  MODIFY `id` bigint(20) UNSIGNED NOT NULL AUTO_INCREMENT, AUTO_INCREMENT=5;

--
-- AUTO_INCREMENT for table `oauth_personal_access_clients`
--
ALTER TABLE `oauth_personal_access_clients`
  MODIFY `id` bigint(20) UNSIGNED NOT NULL AUTO_INCREMENT, AUTO_INCREMENT=3;

--
-- AUTO_INCREMENT for table `products`
--
ALTER TABLE `products`
  MODIFY `id` bigint(20) UNSIGNED NOT NULL AUTO_INCREMENT, AUTO_INCREMENT=51;

--
-- AUTO_INCREMENT for table `reviews`
--
ALTER TABLE `reviews`
  MODIFY `id` bigint(20) UNSIGNED NOT NULL AUTO_INCREMENT, AUTO_INCREMENT=301;

--
-- AUTO_INCREMENT for table `users`
--
ALTER TABLE `users`
  MODIFY `id` bigint(20) UNSIGNED NOT NULL AUTO_INCREMENT, AUTO_INCREMENT=6;
COMMIT;

/*!40101 SET CHARACTER_SET_CLIENT=@OLD_CHARACTER_SET_CLIENT */;
/*!40101 SET CHARACTER_SET_RESULTS=@OLD_CHARACTER_SET_RESULTS */;
/*!40101 SET COLLATION_CONNECTION=@OLD_COLLATION_CONNECTION */;
